Name,Price,Day,League
Mirror of Kalandra,16203.29412,1,Scourge
Mirror of Kalandra,5850.67105,2,Scourge
Mirror of Kalandra,6674.04369,3,Scourge
Mirror of Kalandra,7031.82237,4,Scourge
Mirror of Kalandra,7277.56347,5,Scourge
Mirror of Kalandra,8813.7825,6,Scourge
Mirror of Kalandra,10574.71658,7,Scourge
Mirror of Kalandra,10102.41182,8,Scourge
Mirror of Kalandra,10628.32885,9,Scourge
Mirror of Kalandra,12161.29218,10,Scourge
Mirror of Kalandra,15283.95705,11,Scourge
Mirror of Kalandra,15566.95968,12,Scourge
Mirror of Kalandra,16916.0997,13,Scourge
Mirror of Kalandra,17280,14,Scourge
Mirror of Kalandra,17298.89531,15,Scourge
Mirror of Kalandra,18099.24505,16,Scourge
Mirror of Kalandra,20172.98265,17,Scourge
Mirror of Kalandra,22477,18,Scourge
Mirror of Kalandra,24278.86053,19,Scourge
Mirror of Kalandra,25810,20,Scourge
Mirror of Kalandra,25595.2787,21,Scourge
Mirror of Kalandra,24855.41763,22,Scourge
Mirror of Kalandra,25230,23,Scourge
Mirror of Kalandra,26644.73631,24,Scourge
Mirror of Kalandra,30878.9205,25,Scourge
Mirror of Kalandra,31233.2087,26,Scourge
Mirror of Kalandra,30364.65497,27,Scourge
Mirror of Kalandra,29279.71491,28,Scourge
Mirror of Kalandra,29700.833333333332,29,Scourge
Mirror Shard,1072.23322,1,Scourge
Mirror Shard,624,2,Scourge
Mirror Shard,521.41818,3,Scourge
Mirror Shard,499.74249,4,Scourge
Mirror Shard,530.73608,5,Scourge
Mirror Shard,624,6,Scourge
Mirror Shard,630.5,7,Scourge
Mirror Shard,637,8,Scourge
Mirror Shard,765.1854,9,Scourge
Mirror Shard,879.25117,10,Scourge
Mirror Shard,915,11,Scourge
Mirror Shard,960,12,Scourge
Mirror Shard,966.94625,13,Scourge
Mirror Shard,907.5,14,Scourge
Mirror Shard,984,15,Scourge
Mirror Shard,1058.50398,16,Scourge
Mirror Shard,1263.5,17,Scourge
Mirror Shard,1359.86891,18,Scourge
Mirror Shard,1402.30202,19,Scourge
Mirror Shard,1396.5,20,Scourge
Mirror Shard,1323,21,Scourge
Mirror Shard,1305,22,Scourge
Mirror Shard,1371.30996,23,Scourge
Mirror Shard,1531.95586,24,Scourge
Mirror Shard,1752,25,Scourge
Mirror Shard,1667.5,26,Scourge
Mirror Shard,1595,27,Scourge
Mirror Shard,1522.5,28,Scourge
Maven's Orb,858,1,Scourge
Maven's Orb,140,2,Scourge
Maven's Orb,115.72543,3,Scourge
Maven's Orb,120,4,Scourge
Maven's Orb,118.5,5,Scourge
Maven's Orb,160.41964,6,Scourge
Maven's Orb,237.5,7,Scourge
Maven's Orb,240,8,Scourge
Maven's Orb,196,9,Scourge
Maven's Orb,266.00366,10,Scourge
Maven's Orb,373.65,11,Scourge
Maven's Orb,372,12,Scourge
Maven's Orb,360,13,Scourge
Maven's Orb,360,14,Scourge
Maven's Orb,362.59264,15,Scourge
Maven's Orb,369,16,Scourge
Maven's Orb,378,17,Scourge
Maven's Orb,398.31838,18,Scourge
Maven's Orb,419.96862,19,Scourge
Maven's Orb,588.1115,20,Scourge
Maven's Orb,588,21,Scourge
Maven's Orb,588,22,Scourge
Maven's Orb,579.00013,23,Scourge
Maven's Orb,507.5,24,Scourge
Maven's Orb,507.5,25,Scourge
Maven's Orb,579.57814,26,Scourge
Maven's Orb,580,27,Scourge
Maven's Orb,580,28,Scourge
Maven's Orb,580,29,Scourge
Tempering Orb,77.49392,1,Scourge
Tempering Orb,54.44444,2,Scourge
Tempering Orb,64,3,Scourge
Tempering Orb,55,4,Scourge
Tempering Orb,68.02571,5,Scourge
Tempering Orb,60,6,Scourge
Tempering Orb,75.67154,7,Scourge
Tempering Orb,70.82893,8,Scourge
Tempering Orb,75,9,Scourge
Tempering Orb,84.16935,10,Scourge
Tempering Orb,182.5451,11,Scourge
Tempering Orb,186,12,Scourge
Tempering Orb,180,13,Scourge
Tempering Orb,133.68421,14,Scourge
Tempering Orb,166.57395,15,Scourge
Tempering Orb,180.5527,16,Scourge
Tempering Orb,187.9512,17,Scourge
Tempering Orb,273.06667,18,Scourge
Tempering Orb,283.03226,19,Scourge
Tempering Orb,295.00443,20,Scourge
Tempering Orb,296,21,Scourge
Tempering Orb,367.45605,22,Scourge
Tempering Orb,362.5,23,Scourge
Tempering Orb,361.93902,24,Scourge
Tempering Orb,362.4094,25,Scourge
Tempering Orb,363,26,Scourge
Tempering Orb,360.64855,27,Scourge
Tempering Orb,362.5,28,Scourge
Tempering Orb,423.94736842105266,29,Scourge
Awakener's Orb,165.64143,1,Scourge
Awakener's Orb,140.35169,2,Scourge
Awakener's Orb,158,3,Scourge
Awakener's Orb,160,4,Scourge
Awakener's Orb,158,5,Scourge
Awakener's Orb,203.66396,6,Scourge
Awakener's Orb,237.5,7,Scourge
Awakener's Orb,242.5,8,Scourge
Awakener's Orb,245,9,Scourge
Awakener's Orb,314.52056,10,Scourge
Awakener's Orb,375,11,Scourge
Awakener's Orb,372,12,Scourge
Awakener's Orb,300,13,Scourge
Awakener's Orb,300,14,Scourge
Awakener's Orb,302.0649,15,Scourge
Awakener's Orb,307.5,16,Scourge
Awakener's Orb,315,17,Scourge
Awakener's Orb,331.93199,18,Scourge
Awakener's Orb,350,19,Scourge
Awakener's Orb,367.5,20,Scourge
Awakener's Orb,367.5,21,Scourge
Awakener's Orb,367.5,22,Scourge
Awakener's Orb,362.5,23,Scourge
Awakener's Orb,362.5,24,Scourge
Awakener's Orb,362.5,25,Scourge
Awakener's Orb,365,26,Scourge
Awakener's Orb,362.5,27,Scourge
Awakener's Orb,362.5,28,Scourge
Awakener's Orb,290,29,Scourge
Hunter's Exalted Orb,99.02714,1,Scourge
Hunter's Exalted Orb,100.9902,2,Scourge
Hunter's Exalted Orb,108.33224,3,Scourge
Hunter's Exalted Orb,114.67901,4,Scourge
Hunter's Exalted Orb,111.698,5,Scourge
Hunter's Exalted Orb,116.478,6,Scourge
Hunter's Exalted Orb,130,7,Scourge
Hunter's Exalted Orb,144.32615,8,Scourge
Hunter's Exalted Orb,146.83753,9,Scourge
Hunter's Exalted Orb,161.90812,10,Scourge
Hunter's Exalted Orb,187.5,11,Scourge
Hunter's Exalted Orb,186,12,Scourge
Hunter's Exalted Orb,180,13,Scourge
Hunter's Exalted Orb,181.25334,14,Scourge
Hunter's Exalted Orb,181.5,15,Scourge
Hunter's Exalted Orb,184.5,16,Scourge
Hunter's Exalted Orb,188.30753,17,Scourge
Hunter's Exalted Orb,199.15919,18,Scourge
Hunter's Exalted Orb,209.94094,19,Scourge
Hunter's Exalted Orb,220.5,20,Scourge
Hunter's Exalted Orb,220.5,21,Scourge
Hunter's Exalted Orb,220.32504,22,Scourge
Hunter's Exalted Orb,217.5,23,Scourge
Hunter's Exalted Orb,217.20006,24,Scourge
Hunter's Exalted Orb,217.5,25,Scourge
Hunter's Exalted Orb,218.68427,26,Scourge
Hunter's Exalted Orb,217.5,27,Scourge
Hunter's Exalted Orb,217.5,28,Scourge
Hunter's Exalted Orb,217.45,29,Scourge
Exalted Orb,34.45318,1,Scourge
Exalted Orb,63,2,Scourge
Exalted Orb,70,3,Scourge
Exalted Orb,79,4,Scourge
Exalted Orb,80,5,Scourge
Exalted Orb,79.81,6,Scourge
Exalted Orb,82,7,Scourge
Exalted Orb,95,8,Scourge
Exalted Orb,97,9,Scourge
Exalted Orb,98,10,Scourge
Exalted Orb,108,11,Scourge
Exalted Orb,125,12,Scourge
Exalted Orb,124,13,Scourge
Exalted Orb,120,14,Scourge
Exalted Orb,120,15,Scourge
Exalted Orb,120.86421,16,Scourge
Exalted Orb,123,17,Scourge
Exalted Orb,126,18,Scourge
Exalted Orb,132.80042,19,Scourge
Exalted Orb,140,20,Scourge
Exalted Orb,147,21,Scourge
Exalted Orb,147,22,Scourge
Exalted Orb,147,23,Scourge
Exalted Orb,145,24,Scourge
Exalted Orb,145,25,Scourge
Exalted Orb,145,26,Scourge
Exalted Orb,146,27,Scourge
Exalted Orb,145,28,Scourge
Exalted Orb,145,29,Scourge
Exalted Orb,145,30,Scourge
Secondary Regrading Lens,20.072,1,Scourge
Secondary Regrading Lens,16,2,Scourge
Secondary Regrading Lens,18.00142,3,Scourge
Secondary Regrading Lens,19,4,Scourge
Secondary Regrading Lens,20,5,Scourge
Secondary Regrading Lens,25.77838,6,Scourge
Secondary Regrading Lens,28,7,Scourge
Secondary Regrading Lens,34.05,8,Scourge
Secondary Regrading Lens,40,9,Scourge
Secondary Regrading Lens,46.16995,10,Scourge
Secondary Regrading Lens,56.44456,11,Scourge
Secondary Regrading Lens,58,12,Scourge
Secondary Regrading Lens,58,13,Scourge
Secondary Regrading Lens,63,14,Scourge
Secondary Regrading Lens,60,15,Scourge
Secondary Regrading Lens,55.20214,16,Scourge
Secondary Regrading Lens,52.29832,17,Scourge
Secondary Regrading Lens,62.96744,18,Scourge
Secondary Regrading Lens,70,19,Scourge
Secondary Regrading Lens,73.5,20,Scourge
Secondary Regrading Lens,73.5,21,Scourge
Secondary Regrading Lens,73.5,22,Scourge
Secondary Regrading Lens,72.5,23,Scourge
Secondary Regrading Lens,72.5,24,Scourge
Secondary Regrading Lens,107.97625,25,Scourge
Secondary Regrading Lens,119.21464,26,Scourge
Secondary Regrading Lens,119.91708,27,Scourge
Secondary Regrading Lens,123.49441,28,Scourge
Secondary Regrading Lens,132.45,29,Scourge
Warlord's Exalted Orb,64,1,Scourge
Warlord's Exalted Orb,63.01815,2,Scourge
Warlord's Exalted Orb,43.53212,3,Scourge
Warlord's Exalted Orb,43,4,Scourge
Warlord's Exalted Orb,40,5,Scourge
Warlord's Exalted Orb,69.9265,6,Scourge
Warlord's Exalted Orb,62.5385,7,Scourge
Warlord's Exalted Orb,64,8,Scourge
Warlord's Exalted Orb,60,9,Scourge
Warlord's Exalted Orb,97.50125,10,Scourge
Warlord's Exalted Orb,109.23103,11,Scourge
Warlord's Exalted Orb,94.30002,12,Scourge
Warlord's Exalted Orb,84.84641,13,Scourge
Warlord's Exalted Orb,86.36962,14,Scourge
Warlord's Exalted Orb,75,15,Scourge
Warlord's Exalted Orb,70,16,Scourge
Warlord's Exalted Orb,99,17,Scourge
Warlord's Exalted Orb,104.25049,18,Scourge
Warlord's Exalted Orb,104.8005,19,Scourge
Warlord's Exalted Orb,87.45184,20,Scourge
Warlord's Exalted Orb,73.5,21,Scourge
Warlord's Exalted Orb,73.5,22,Scourge
Warlord's Exalted Orb,72.5,23,Scourge
Warlord's Exalted Orb,72.5,24,Scourge
Warlord's Exalted Orb,107,25,Scourge
Warlord's Exalted Orb,110,26,Scourge
Warlord's Exalted Orb,73,27,Scourge
Warlord's Exalted Orb,72.55277,28,Scourge
Warlord's Exalted Orb,72.5,29,Scourge
Tainted Divine Teardrop,12,1,Scourge
Tainted Divine Teardrop,9,2,Scourge
Tainted Divine Teardrop,10,3,Scourge
Tainted Divine Teardrop,17.15722,4,Scourge
Tainted Divine Teardrop,19.58656,5,Scourge
Tainted Divine Teardrop,18.17119,6,Scourge
Tainted Divine Teardrop,25.52155,7,Scourge
Tainted Divine Teardrop,22,8,Scourge
Tainted Divine Teardrop,29.65931,9,Scourge
Tainted Divine Teardrop,32.37025,10,Scourge
Tainted Divine Teardrop,46.38608,11,Scourge
Tainted Divine Teardrop,63.18719,12,Scourge
Tainted Divine Teardrop,60,13,Scourge
Tainted Divine Teardrop,50,14,Scourge
Tainted Divine Teardrop,48.21396,15,Scourge
Tainted Divine Teardrop,50,16,Scourge
Tainted Divine Teardrop,50.75125,17,Scourge
Tainted Divine Teardrop,58.13407,18,Scourge
Tainted Divine Teardrop,69.5,19,Scourge
Tainted Divine Teardrop,143.00375,20,Scourge
Tainted Divine Teardrop,73.57502,21,Scourge
Tainted Divine Teardrop,73.0452,22,Scourge
Tainted Divine Teardrop,72.25,23,Scourge
Tainted Divine Teardrop,72.35006,24,Scourge
Tainted Divine Teardrop,72.5,25,Scourge
Tainted Divine Teardrop,72.99377,26,Scourge
Tainted Divine Teardrop,72.5,27,Scourge
Tainted Divine Teardrop,72.5,28,Scourge
Tainted Divine Teardrop,72.46153846153847,29,Scourge
Prime Regrading Lens,10,1,Scourge
Prime Regrading Lens,15,2,Scourge
Prime Regrading Lens,16,3,Scourge
Prime Regrading Lens,15,4,Scourge
Prime Regrading Lens,15,5,Scourge
Prime Regrading Lens,20,6,Scourge
Prime Regrading Lens,23,7,Scourge
Prime Regrading Lens,23,8,Scourge
Prime Regrading Lens,23,9,Scourge
Prime Regrading Lens,26.37006,10,Scourge
Prime Regrading Lens,30.65,11,Scourge
Prime Regrading Lens,37.1485,12,Scourge
Prime Regrading Lens,39,13,Scourge
Prime Regrading Lens,39.047,14,Scourge
Prime Regrading Lens,40,15,Scourge
Prime Regrading Lens,45.24313,16,Scourge
Prime Regrading Lens,49.69322,17,Scourge
Prime Regrading Lens,61,18,Scourge
Prime Regrading Lens,60,19,Scourge
Prime Regrading Lens,69.66573,20,Scourge
Prime Regrading Lens,70,21,Scourge
Prime Regrading Lens,64.4325,22,Scourge
Prime Regrading Lens,61.8005,23,Scourge
Prime Regrading Lens,72,24,Scourge
Prime Regrading Lens,72.40969,25,Scourge
Prime Regrading Lens,72.8948,26,Scourge
Prime Regrading Lens,72.5,27,Scourge
Prime Regrading Lens,72.5,28,Scourge
Prime Regrading Lens,72.5,29,Scourge
Tailoring Orb,27.96875,1,Scourge
Tailoring Orb,17.9446,2,Scourge
Tailoring Orb,17,3,Scourge
Tailoring Orb,17,4,Scourge
Tailoring Orb,19.56925,5,Scourge
Tailoring Orb,17.97159,6,Scourge
Tailoring Orb,18,7,Scourge
Tailoring Orb,18,8,Scourge
Tailoring Orb,24,9,Scourge
Tailoring Orb,21.99105,10,Scourge
Tailoring Orb,44.36986,11,Scourge
Tailoring Orb,38,12,Scourge
Tailoring Orb,41.19246,13,Scourge
Tailoring Orb,44.5,14,Scourge
Tailoring Orb,45,15,Scourge
Tailoring Orb,38.99683,16,Scourge
Tailoring Orb,38,17,Scourge
Tailoring Orb,78.23276,18,Scourge
Tailoring Orb,64.96843,19,Scourge
Tailoring Orb,55,20,Scourge
Tailoring Orb,50.6,21,Scourge
Tailoring Orb,59.02692,22,Scourge
Tailoring Orb,59.26677,23,Scourge
Tailoring Orb,59.57173,24,Scourge
Tailoring Orb,64.31205,25,Scourge
Tailoring Orb,60,26,Scourge
Tailoring Orb,65,27,Scourge
Tailoring Orb,65.16667,28,Scourge
Tailoring Orb,72,29,Scourge
Redeemer's Exalted Orb,73.4812,1,Scourge
Redeemer's Exalted Orb,40.8765,2,Scourge
Redeemer's Exalted Orb,30,3,Scourge
Redeemer's Exalted Orb,35,4,Scourge
Redeemer's Exalted Orb,31.35198,5,Scourge
Redeemer's Exalted Orb,38.0936,6,Scourge
Redeemer's Exalted Orb,39.34423,7,Scourge
Redeemer's Exalted Orb,40,8,Scourge
Redeemer's Exalted Orb,53.984,9,Scourge
Redeemer's Exalted Orb,50,10,Scourge
Redeemer's Exalted Orb,68,11,Scourge
Redeemer's Exalted Orb,62.10544,12,Scourge
Redeemer's Exalted Orb,60,13,Scourge
Redeemer's Exalted Orb,63,14,Scourge
Redeemer's Exalted Orb,86.76733,15,Scourge
Redeemer's Exalted Orb,61.5,16,Scourge
Redeemer's Exalted Orb,62.60773,17,Scourge
Redeemer's Exalted Orb,66.01505,18,Scourge
Redeemer's Exalted Orb,69.50017,19,Scourge
Redeemer's Exalted Orb,71,20,Scourge
Redeemer's Exalted Orb,72.9475,21,Scourge
Redeemer's Exalted Orb,73.10013,22,Scourge
Redeemer's Exalted Orb,72,23,Scourge
Redeemer's Exalted Orb,72,24,Scourge
Redeemer's Exalted Orb,72.48756,25,Scourge
Redeemer's Exalted Orb,72.98686,26,Scourge
Redeemer's Exalted Orb,72.5,27,Scourge
Redeemer's Exalted Orb,72.5,28,Scourge
Redeemer's Exalted Orb,70,29,Scourge
Crusader's Exalted Orb,58.17647,1,Scourge
Crusader's Exalted Orb,22.16458,2,Scourge
Crusader's Exalted Orb,24,3,Scourge
Crusader's Exalted Orb,28,4,Scourge
Crusader's Exalted Orb,29.45,5,Scourge
Crusader's Exalted Orb,36,6,Scourge
Crusader's Exalted Orb,38,7,Scourge
Crusader's Exalted Orb,39.61095,8,Scourge
Crusader's Exalted Orb,45,9,Scourge
Crusader's Exalted Orb,47.35051,10,Scourge
Crusader's Exalted Orb,56.75395,11,Scourge
Crusader's Exalted Orb,56,12,Scourge
Crusader's Exalted Orb,50,13,Scourge
Crusader's Exalted Orb,57.35552,14,Scourge
Crusader's Exalted Orb,60,15,Scourge
Crusader's Exalted Orb,59,16,Scourge
Crusader's Exalted Orb,56,17,Scourge
Crusader's Exalted Orb,55,18,Scourge
Crusader's Exalted Orb,60,19,Scourge
Crusader's Exalted Orb,70,20,Scourge
Crusader's Exalted Orb,70,21,Scourge
Crusader's Exalted Orb,70,22,Scourge
Crusader's Exalted Orb,68,23,Scourge
Crusader's Exalted Orb,68,24,Scourge
Crusader's Exalted Orb,70,25,Scourge
Crusader's Exalted Orb,70,26,Scourge
Crusader's Exalted Orb,64.23174,27,Scourge
Crusader's Exalted Orb,60,28,Scourge
Crusader's Exalted Orb,56.3,29,Scourge
Elevated Sextant,30,1,Scourge
Elevated Sextant,14.02632,2,Scourge
Elevated Sextant,8.44149,3,Scourge
Elevated Sextant,10,4,Scourge
Elevated Sextant,13,5,Scourge
Elevated Sextant,14,6,Scourge
Elevated Sextant,14,7,Scourge
Elevated Sextant,15,8,Scourge
Elevated Sextant,15.96835,9,Scourge
Elevated Sextant,17,10,Scourge
Elevated Sextant,22,11,Scourge
Elevated Sextant,21.85064,12,Scourge
Elevated Sextant,22,13,Scourge
Elevated Sextant,20,14,Scourge
Elevated Sextant,20,15,Scourge
Elevated Sextant,21.03985,16,Scourge
Elevated Sextant,23.33298,17,Scourge
Elevated Sextant,24,18,Scourge
Elevated Sextant,25,19,Scourge
Elevated Sextant,29,20,Scourge
Elevated Sextant,30,21,Scourge
Elevated Sextant,30,22,Scourge
Elevated Sextant,30,23,Scourge
Elevated Sextant,30,24,Scourge
Elevated Sextant,30,25,Scourge
Elevated Sextant,30.43758,26,Scourge
Elevated Sextant,31,27,Scourge
Elevated Sextant,32.73252,28,Scourge
Elevated Sextant,33,29,Scourge
Sacred Orb,10.8,1,Scourge
Sacred Orb,2,2,Scourge
Sacred Orb,2,3,Scourge
Sacred Orb,6,4,Scourge
Sacred Orb,6,5,Scourge
Sacred Orb,5.61056,6,Scourge
Sacred Orb,7,7,Scourge
Sacred Orb,10.95135,8,Scourge
Sacred Orb,10,9,Scourge
Sacred Orb,10,10,Scourge
Sacred Orb,10,11,Scourge
Sacred Orb,11,12,Scourge
Sacred Orb,18.7778,13,Scourge
Sacred Orb,17,14,Scourge
Sacred Orb,16,15,Scourge
Sacred Orb,15,16,Scourge
Sacred Orb,14.46675,17,Scourge
Sacred Orb,16.53976,18,Scourge
Sacred Orb,18,19,Scourge
Sacred Orb,19.4775,20,Scourge
Sacred Orb,25,21,Scourge
Sacred Orb,26.5558,22,Scourge
Sacred Orb,25.61569,23,Scourge
Sacred Orb,25.25026,24,Scourge
Sacred Orb,25,25,Scourge
Sacred Orb,23.14567,26,Scourge
Sacred Orb,24.90007,27,Scourge
Sacred Orb,26.25125,28,Scourge
Sacred Orb,32.06281,29,Scourge
Sacred Orb,32.857142857142854,30,Scourge
Blessing of Chayula,189,1,Scourge
Blessing of Chayula,167.10001,2,Scourge
Blessing of Chayula,118.5,3,Scourge
Blessing of Chayula,97.26786,4,Scourge
Blessing of Chayula,75.91855,5,Scourge
Blessing of Chayula,74,6,Scourge
Blessing of Chayula,53.55647,7,Scourge
Blessing of Chayula,57.17452,8,Scourge
Blessing of Chayula,46.14,9,Scourge
Blessing of Chayula,38,10,Scourge
Blessing of Chayula,29,11,Scourge
Blessing of Chayula,30.61748,12,Scourge
Blessing of Chayula,30,13,Scourge
Blessing of Chayula,30,14,Scourge
Blessing of Chayula,29,15,Scourge
Blessing of Chayula,29,16,Scourge
Blessing of Chayula,28.01011,17,Scourge
Blessing of Chayula,28,18,Scourge
Blessing of Chayula,27.99856,19,Scourge
Blessing of Chayula,26,20,Scourge
Blessing of Chayula,25,21,Scourge
Blessing of Chayula,25,22,Scourge
Blessing of Chayula,25,23,Scourge
Blessing of Chayula,26,24,Scourge
Blessing of Chayula,29.86791,25,Scourge
Blessing of Chayula,33.55412,26,Scourge
Blessing of Chayula,33,27,Scourge
Blessing of Chayula,30,28,Scourge
Blessing of Chayula,30,29,Scourge
Ancient Orb,2.98,1,Scourge
Ancient Orb,3,2,Scourge
Ancient Orb,3,3,Scourge
Ancient Orb,3,4,Scourge
Ancient Orb,3,5,Scourge
Ancient Orb,4,6,Scourge
Ancient Orb,4,7,Scourge
Ancient Orb,4,8,Scourge
Ancient Orb,4.98781,9,Scourge
Ancient Orb,5,10,Scourge
Ancient Orb,5,11,Scourge
Ancient Orb,8,12,Scourge
Ancient Orb,8.94,13,Scourge
Ancient Orb,8.67515,14,Scourge
Ancient Orb,9.97382,15,Scourge
Ancient Orb,11,16,Scourge
Ancient Orb,11.60537,17,Scourge
Ancient Orb,12,18,Scourge
Ancient Orb,12.88736,19,Scourge
Ancient Orb,13.8667,20,Scourge
Ancient Orb,14.40836,21,Scourge
Ancient Orb,16.93346,22,Scourge
Ancient Orb,18,23,Scourge
Ancient Orb,18.97223,24,Scourge
Ancient Orb,19.98766,25,Scourge
Ancient Orb,20,26,Scourge
Ancient Orb,21,27,Scourge
Ancient Orb,21,28,Scourge
Ancient Orb,22.38757,29,Scourge
Ancient Orb,22,30,Scourge
Tainted Mythic Orb,2.16364,1,Scourge
Tainted Mythic Orb,4,2,Scourge
Tainted Mythic Orb,9,3,Scourge
Tainted Mythic Orb,9,4,Scourge
Tainted Mythic Orb,10,5,Scourge
Tainted Mythic Orb,10,6,Scourge
Tainted Mythic Orb,7,7,Scourge
Tainted Mythic Orb,6,8,Scourge
Tainted Mythic Orb,5,9,Scourge
Tainted Mythic Orb,4,10,Scourge
Tainted Mythic Orb,4,11,Scourge
Tainted Mythic Orb,4,12,Scourge
Tainted Mythic Orb,5,13,Scourge
Tainted Mythic Orb,5,14,Scourge
Tainted Mythic Orb,6.04607,15,Scourge
Tainted Mythic Orb,6,16,Scourge
Tainted Mythic Orb,6.05585,17,Scourge
Tainted Mythic Orb,7.75,18,Scourge
Tainted Mythic Orb,9,19,Scourge
Tainted Mythic Orb,9.50028,20,Scourge
Tainted Mythic Orb,9.66719,21,Scourge
Tainted Mythic Orb,10.96259,22,Scourge
Tainted Mythic Orb,11.77811,23,Scourge
Tainted Mythic Orb,13.80002,24,Scourge
Tainted Mythic Orb,14,25,Scourge
Tainted Mythic Orb,14,26,Scourge
Tainted Mythic Orb,13.6317,27,Scourge
Tainted Mythic Orb,13.55506,28,Scourge
Tainted Mythic Orb,11.51435,29,Scourge
Tainted Mythic Orb,15,30,Scourge
Orb of Unmaking,5,1,Scourge
Orb of Unmaking,4.25,2,Scourge
Orb of Unmaking,5,3,Scourge
Orb of Unmaking,5,4,Scourge
Orb of Unmaking,5,5,Scourge
Orb of Unmaking,7,6,Scourge
Orb of Unmaking,7,7,Scourge
Orb of Unmaking,7,8,Scourge
Orb of Unmaking,7,9,Scourge
Orb of Unmaking,6.95839,10,Scourge
Orb of Unmaking,6.73708,11,Scourge
Orb of Unmaking,7.21145,12,Scourge
Orb of Unmaking,8.56276,13,Scourge
Orb of Unmaking,9.99834,14,Scourge
Orb of Unmaking,10,15,Scourge
Orb of Unmaking,10,16,Scourge
Orb of Unmaking,10,17,Scourge
Orb of Unmaking,10,18,Scourge
Orb of Unmaking,10,19,Scourge
Orb of Unmaking,10,20,Scourge
Orb of Unmaking,12,21,Scourge
Orb of Unmaking,12.46156,22,Scourge
Orb of Unmaking,13.61129,23,Scourge
Orb of Unmaking,14.82126,24,Scourge
Orb of Unmaking,14,25,Scourge
Orb of Unmaking,13.15812,26,Scourge
Orb of Unmaking,13.34224,27,Scourge
Orb of Unmaking,13.48835,28,Scourge
Orb of Unmaking,13.3,29,Scourge
Ritual Vessel,18.71986,1,Scourge
Ritual Vessel,5,2,Scourge
Ritual Vessel,5,3,Scourge
Ritual Vessel,5,4,Scourge
Ritual Vessel,5.55933,5,Scourge
Ritual Vessel,5,6,Scourge
Ritual Vessel,5,7,Scourge
Ritual Vessel,5,8,Scourge
Ritual Vessel,5.37509,9,Scourge
Ritual Vessel,6,10,Scourge
Ritual Vessel,7,11,Scourge
Ritual Vessel,8,12,Scourge
Ritual Vessel,8,13,Scourge
Ritual Vessel,9,14,Scourge
Ritual Vessel,8,15,Scourge
Ritual Vessel,8,16,Scourge
Ritual Vessel,8,17,Scourge
Ritual Vessel,9,18,Scourge
Ritual Vessel,9,19,Scourge
Ritual Vessel,9.75601,20,Scourge
Ritual Vessel,9.90025,21,Scourge
Ritual Vessel,10.4502,22,Scourge
Ritual Vessel,11,23,Scourge
Ritual Vessel,13.75155,24,Scourge
Ritual Vessel,16,25,Scourge
Ritual Vessel,14,26,Scourge
Ritual Vessel,12.78974,27,Scourge
Ritual Vessel,12,28,Scourge
Ritual Vessel,12,29,Scourge
Tainted Blessing,3,1,Scourge
Tainted Blessing,2,2,Scourge
Tainted Blessing,2,3,Scourge
Tainted Blessing,2.68579,4,Scourge
Tainted Blessing,2.10001,5,Scourge
Tainted Blessing,2.60038,6,Scourge
Tainted Blessing,3,7,Scourge
Tainted Blessing,2.0451,8,Scourge
Tainted Blessing,2.925,9,Scourge
Tainted Blessing,3,10,Scourge
Tainted Blessing,3,11,Scourge
Tainted Blessing,4.60013,12,Scourge
Tainted Blessing,4,13,Scourge
Tainted Blessing,4.90025,14,Scourge
Tainted Blessing,5,15,Scourge
Tainted Blessing,7.00109,16,Scourge
Tainted Blessing,7,17,Scourge
Tainted Blessing,6.64926,18,Scourge
Tainted Blessing,7,19,Scourge
Tainted Blessing,7,20,Scourge
Tainted Blessing,10,21,Scourge
Tainted Blessing,10,22,Scourge
Tainted Blessing,9,23,Scourge
Tainted Blessing,8.10003,24,Scourge
Tainted Blessing,9.10264,25,Scourge
Tainted Blessing,10,26,Scourge
Tainted Blessing,9.74345,27,Scourge
Tainted Blessing,10.41114,28,Scourge
Tainted Blessing,10,29,Scourge
Blessing of Esh,35.25,1,Scourge
Blessing of Esh,12,2,Scourge
Blessing of Esh,8,3,Scourge
Blessing of Esh,6,4,Scourge
Blessing of Esh,6,5,Scourge
Blessing of Esh,5,6,Scourge
Blessing of Esh,5,7,Scourge
Blessing of Esh,5,8,Scourge
Blessing of Esh,5,9,Scourge
Blessing of Esh,5,10,Scourge
Blessing of Esh,5,11,Scourge
Blessing of Esh,7,12,Scourge
Blessing of Esh,7,13,Scourge
Blessing of Esh,6.21021,14,Scourge
Blessing of Esh,7,15,Scourge
Blessing of Esh,7,16,Scourge
Blessing of Esh,7,17,Scourge
Blessing of Esh,10,18,Scourge
Blessing of Esh,10.39809,19,Scourge
Blessing of Esh,11.06433,20,Scourge
Blessing of Esh,11,21,Scourge
Blessing of Esh,11,22,Scourge
Blessing of Esh,10,23,Scourge
Blessing of Esh,10,24,Scourge
Blessing of Esh,11,25,Scourge
Blessing of Esh,11,26,Scourge
Blessing of Esh,10,27,Scourge
Blessing of Esh,11,28,Scourge
Blessing of Esh,12,29,Scourge
Blessing of Xoph,88,1,Scourge
Blessing of Xoph,49.63388,2,Scourge
Blessing of Xoph,17,3,Scourge
Blessing of Xoph,14,4,Scourge
Blessing of Xoph,10.12411,5,Scourge
Blessing of Xoph,9,6,Scourge
Blessing of Xoph,9,7,Scourge
Blessing of Xoph,8,8,Scourge
Blessing of Xoph,8,9,Scourge
Blessing of Xoph,7,10,Scourge
Blessing of Xoph,7,11,Scourge
Blessing of Xoph,7,12,Scourge
Blessing of Xoph,7,13,Scourge
Blessing of Xoph,6.55574,14,Scourge
Blessing of Xoph,6.18316,15,Scourge
Blessing of Xoph,7,16,Scourge
Blessing of Xoph,7,17,Scourge
Blessing of Xoph,7,18,Scourge
Blessing of Xoph,8,19,Scourge
Blessing of Xoph,9,20,Scourge
Blessing of Xoph,10,21,Scourge
Blessing of Xoph,9.65004,22,Scourge
Blessing of Xoph,9.80025,23,Scourge
Blessing of Xoph,8.601,24,Scourge
Blessing of Xoph,8.43956,25,Scourge
Blessing of Xoph,9,26,Scourge
Blessing of Xoph,9.99799,27,Scourge
Blessing of Xoph,11.69697,28,Scourge
Blessing of Xoph,9.3,29,Scourge
Blessing of Tul,55,1,Scourge
Blessing of Tul,27.32581,2,Scourge
Blessing of Tul,12,3,Scourge
Blessing of Tul,7,4,Scourge
Blessing of Tul,6,5,Scourge
Blessing of Tul,5.529,6,Scourge
Blessing of Tul,6,7,Scourge
Blessing of Tul,6.31559,8,Scourge
Blessing of Tul,7,9,Scourge
Blessing of Tul,7,10,Scourge
Blessing of Tul,7.05014,11,Scourge
Blessing of Tul,8,12,Scourge
Blessing of Tul,7,13,Scourge
Blessing of Tul,7,14,Scourge
Blessing of Tul,7,15,Scourge
Blessing of Tul,7,16,Scourge
Blessing of Tul,8.91211,17,Scourge
Blessing of Tul,9,18,Scourge
Blessing of Tul,9,19,Scourge
Blessing of Tul,10,20,Scourge
Blessing of Tul,11,21,Scourge
Blessing of Tul,10,22,Scourge
Blessing of Tul,10,23,Scourge
Blessing of Tul,10,24,Scourge
Blessing of Tul,10,25,Scourge
Blessing of Tul,10,26,Scourge
Blessing of Tul,10,27,Scourge
Blessing of Tul,10,28,Scourge
Blessing of Tul,9,29,Scourge
Blessing of Uul-Netol,50.95176,1,Scourge
Blessing of Uul-Netol,18.06786,2,Scourge
Blessing of Uul-Netol,7.13529,3,Scourge
Blessing of Uul-Netol,6,4,Scourge
Blessing of Uul-Netol,5.92083,5,Scourge
Blessing of Uul-Netol,5,6,Scourge
Blessing of Uul-Netol,5,7,Scourge
Blessing of Uul-Netol,5.5,8,Scourge
Blessing of Uul-Netol,5.97773,9,Scourge
Blessing of Uul-Netol,6,10,Scourge
Blessing of Uul-Netol,6.43574,11,Scourge
Blessing of Uul-Netol,7,12,Scourge
Blessing of Uul-Netol,7,13,Scourge
Blessing of Uul-Netol,7,14,Scourge
Blessing of Uul-Netol,7,15,Scourge
Blessing of Uul-Netol,7,16,Scourge
Blessing of Uul-Netol,6.68253,17,Scourge
Blessing of Uul-Netol,7,18,Scourge
Blessing of Uul-Netol,6,19,Scourge
Blessing of Uul-Netol,6,20,Scourge
Blessing of Uul-Netol,10,21,Scourge
Blessing of Uul-Netol,9.95,22,Scourge
Blessing of Uul-Netol,8.03351,23,Scourge
Blessing of Uul-Netol,8,24,Scourge
Blessing of Uul-Netol,8,25,Scourge
Blessing of Uul-Netol,9.88917,26,Scourge
Blessing of Uul-Netol,10,27,Scourge
Blessing of Uul-Netol,10,28,Scourge
Blessing of Uul-Netol,9,29,Scourge
Divine Orb,3,1,Scourge
Divine Orb,3,2,Scourge
Divine Orb,4,3,Scourge
Divine Orb,5,4,Scourge
Divine Orb,6,5,Scourge
Divine Orb,7,6,Scourge
Divine Orb,7,7,Scourge
Divine Orb,6.75013,8,Scourge
Divine Orb,6,9,Scourge
Divine Orb,6,10,Scourge
Divine Orb,6,11,Scourge
Divine Orb,6,12,Scourge
Divine Orb,7,13,Scourge
Divine Orb,7,14,Scourge
Divine Orb,7,15,Scourge
Divine Orb,7,16,Scourge
Divine Orb,7,17,Scourge
Divine Orb,7,18,Scourge
Divine Orb,7,19,Scourge
Divine Orb,6.95006,20,Scourge
Divine Orb,6.94378,21,Scourge
Divine Orb,7.82718,22,Scourge
Divine Orb,8,23,Scourge
Divine Orb,8,24,Scourge
Divine Orb,8.64603,25,Scourge
Divine Orb,9,26,Scourge
Divine Orb,8.95834,27,Scourge
Divine Orb,8.71549,28,Scourge
Divine Orb,8,29,Scourge
Divine Orb,8,30,Scourge
Tainted Chaos Orb,1,1,Scourge
Tainted Chaos Orb,2,2,Scourge
Tainted Chaos Orb,2,3,Scourge
Tainted Chaos Orb,2,4,Scourge
Tainted Chaos Orb,3,5,Scourge
Tainted Chaos Orb,3,6,Scourge
Tainted Chaos Orb,4,7,Scourge
Tainted Chaos Orb,4,8,Scourge
Tainted Chaos Orb,3,9,Scourge
Tainted Chaos Orb,3,10,Scourge
Tainted Chaos Orb,3,11,Scourge
Tainted Chaos Orb,3,12,Scourge
Tainted Chaos Orb,4,13,Scourge
Tainted Chaos Orb,4,14,Scourge
Tainted Chaos Orb,4,15,Scourge
Tainted Chaos Orb,4,16,Scourge
Tainted Chaos Orb,4,17,Scourge
Tainted Chaos Orb,4,18,Scourge
Tainted Chaos Orb,4,19,Scourge
Tainted Chaos Orb,4,20,Scourge
Tainted Chaos Orb,4,21,Scourge
Tainted Chaos Orb,4,22,Scourge
Tainted Chaos Orb,4.36844,23,Scourge
Tainted Chaos Orb,5,24,Scourge
Tainted Chaos Orb,4,25,Scourge
Tainted Chaos Orb,5,26,Scourge
Tainted Chaos Orb,5,27,Scourge
Tainted Chaos Orb,5,28,Scourge
Tainted Chaos Orb,5,29,Scourge
Tainted Chaos Orb,4.875,30,Scourge
Unstable Catalyst,1,1,Scourge
Unstable Catalyst,1,2,Scourge
Unstable Catalyst,1,3,Scourge
Unstable Catalyst,1,4,Scourge
Unstable Catalyst,1,5,Scourge
Unstable Catalyst,1,6,Scourge
Unstable Catalyst,1,7,Scourge
Unstable Catalyst,2,8,Scourge
Unstable Catalyst,2,9,Scourge
Unstable Catalyst,2,10,Scourge
Unstable Catalyst,2,11,Scourge
Unstable Catalyst,2,12,Scourge
Unstable Catalyst,2,13,Scourge
Unstable Catalyst,2,14,Scourge
Unstable Catalyst,2,15,Scourge
Unstable Catalyst,2,16,Scourge
Unstable Catalyst,2,17,Scourge
Unstable Catalyst,2,18,Scourge
Unstable Catalyst,2,19,Scourge
Unstable Catalyst,2,20,Scourge
Unstable Catalyst,2,21,Scourge
Unstable Catalyst,2.90013,22,Scourge
Unstable Catalyst,2,23,Scourge
Unstable Catalyst,2.9728,24,Scourge
Unstable Catalyst,2.85166,25,Scourge
Unstable Catalyst,2.96316,26,Scourge
Unstable Catalyst,2.86364,27,Scourge
Unstable Catalyst,2.65532,28,Scourge
Unstable Catalyst,1.85,29,Scourge
Prismatic Catalyst,1.17719,1,Scourge
Prismatic Catalyst,2,2,Scourge
Prismatic Catalyst,3,3,Scourge
Prismatic Catalyst,3,4,Scourge
Prismatic Catalyst,4,5,Scourge
Prismatic Catalyst,4,6,Scourge
Prismatic Catalyst,3.82353,7,Scourge
Prismatic Catalyst,3.70332,8,Scourge
Prismatic Catalyst,3.82502,9,Scourge
Prismatic Catalyst,4,10,Scourge
Prismatic Catalyst,4.81683,11,Scourge
Prismatic Catalyst,5,12,Scourge
Prismatic Catalyst,4.72508,13,Scourge
Prismatic Catalyst,5,14,Scourge
Prismatic Catalyst,4.75,15,Scourge
Prismatic Catalyst,5,16,Scourge
Prismatic Catalyst,4.30574,17,Scourge
Prismatic Catalyst,5,18,Scourge
Prismatic Catalyst,5,19,Scourge
Prismatic Catalyst,5,20,Scourge
Prismatic Catalyst,5,21,Scourge
Prismatic Catalyst,5,22,Scourge
Prismatic Catalyst,5,23,Scourge
Prismatic Catalyst,5,24,Scourge
Prismatic Catalyst,5,25,Scourge
Prismatic Catalyst,5.58977,26,Scourge
Prismatic Catalyst,5,27,Scourge
Prismatic Catalyst,5.86745,28,Scourge
Prismatic Catalyst,4.176470588235294,29,Scourge
Fertile Catalyst,2,1,Scourge
Fertile Catalyst,2,2,Scourge
Fertile Catalyst,3,3,Scourge
Fertile Catalyst,3,4,Scourge
Fertile Catalyst,3.20029,5,Scourge
Fertile Catalyst,3.97752,6,Scourge
Fertile Catalyst,4,7,Scourge
Fertile Catalyst,4,8,Scourge
Fertile Catalyst,4,9,Scourge
Fertile Catalyst,4,10,Scourge
Fertile Catalyst,4,11,Scourge
Fertile Catalyst,4,12,Scourge
Fertile Catalyst,4,13,Scourge
Fertile Catalyst,4,14,Scourge
Fertile Catalyst,4,15,Scourge
Fertile Catalyst,4,16,Scourge
Fertile Catalyst,4,17,Scourge
Fertile Catalyst,4.72513,18,Scourge
Fertile Catalyst,4.95727,19,Scourge
Fertile Catalyst,4.83912,20,Scourge
Fertile Catalyst,5,21,Scourge
Fertile Catalyst,4.95835,22,Scourge
Fertile Catalyst,4.92547,23,Scourge
Fertile Catalyst,5,24,Scourge
Fertile Catalyst,4.97442,25,Scourge
Fertile Catalyst,4.40003,26,Scourge
Fertile Catalyst,4.46826,27,Scourge
Fertile Catalyst,4,28,Scourge
Fertile Catalyst,4.354164375,29,Scourge
Tainted Exalted Orb,76.47431,1,Scourge
Tainted Exalted Orb,4,2,Scourge
Tainted Exalted Orb,3.52632,3,Scourge
Tainted Exalted Orb,4,4,Scourge
Tainted Exalted Orb,4,5,Scourge
Tainted Exalted Orb,4,6,Scourge
Tainted Exalted Orb,3.75046,7,Scourge
Tainted Exalted Orb,3,8,Scourge
Tainted Exalted Orb,3,9,Scourge
Tainted Exalted Orb,3,10,Scourge
Tainted Exalted Orb,3,11,Scourge
Tainted Exalted Orb,3,12,Scourge
Tainted Exalted Orb,3,13,Scourge
Tainted Exalted Orb,3,14,Scourge
Tainted Exalted Orb,3,15,Scourge
Tainted Exalted Orb,3,16,Scourge
Tainted Exalted Orb,3,17,Scourge
Tainted Exalted Orb,3,18,Scourge
Tainted Exalted Orb,3.7778,19,Scourge
Tainted Exalted Orb,3,20,Scourge
Tainted Exalted Orb,3,21,Scourge
Tainted Exalted Orb,3,22,Scourge
Tainted Exalted Orb,3,23,Scourge
Tainted Exalted Orb,3,24,Scourge
Tainted Exalted Orb,2.7895,25,Scourge
Tainted Exalted Orb,4,26,Scourge
Tainted Exalted Orb,3,27,Scourge
Tainted Exalted Orb,3,28,Scourge
Tainted Exalted Orb,3,29,Scourge
Tainted Exalted Orb,3.9298252631578947,30,Scourge
Infused Engineer's Orb,2,1,Scourge
Infused Engineer's Orb,3.69928,2,Scourge
Infused Engineer's Orb,3,3,Scourge
Infused Engineer's Orb,3,4,Scourge
Infused Engineer's Orb,3,5,Scourge
Infused Engineer's Orb,2.3685,6,Scourge
Infused Engineer's Orb,3,7,Scourge
Infused Engineer's Orb,3,8,Scourge
Infused Engineer's Orb,3,9,Scourge
Infused Engineer's Orb,3,10,Scourge
Infused Engineer's Orb,3,11,Scourge
Infused Engineer's Orb,3,12,Scourge
Infused Engineer's Orb,3,13,Scourge
Infused Engineer's Orb,3,14,Scourge
Infused Engineer's Orb,3,15,Scourge
Infused Engineer's Orb,2.9375,16,Scourge
Infused Engineer's Orb,3,17,Scourge
Infused Engineer's Orb,2.7501,18,Scourge
Infused Engineer's Orb,2.73389,19,Scourge
Infused Engineer's Orb,2.94744,20,Scourge
Infused Engineer's Orb,3,21,Scourge
Infused Engineer's Orb,3,22,Scourge
Infused Engineer's Orb,2.86847,23,Scourge
Infused Engineer's Orb,2.9598,24,Scourge
Infused Engineer's Orb,2.88235,25,Scourge
Infused Engineer's Orb,2.94472,26,Scourge
Infused Engineer's Orb,2.83287,27,Scourge
Infused Engineer's Orb,3,28,Scourge
Orb of Annulment,1.04964,1,Scourge
Orb of Annulment,2,2,Scourge
Orb of Annulment,3,3,Scourge
Orb of Annulment,5,4,Scourge
Orb of Annulment,5,5,Scourge
Orb of Annulment,5,6,Scourge
Orb of Annulment,5,7,Scourge
Orb of Annulment,5,8,Scourge
Orb of Annulment,5,9,Scourge
Orb of Annulment,5,10,Scourge
Orb of Annulment,4.99,11,Scourge
Orb of Annulment,4,12,Scourge
Orb of Annulment,4.21799,13,Scourge
Orb of Annulment,4,14,Scourge
Orb of Annulment,4,15,Scourge
Orb of Annulment,4,16,Scourge
Orb of Annulment,4,17,Scourge
Orb of Annulment,3.9983,18,Scourge
Orb of Annulment,3.99736,19,Scourge
Orb of Annulment,3.99922,20,Scourge
Orb of Annulment,4,21,Scourge
Orb of Annulment,4,22,Scourge
Orb of Annulment,4,23,Scourge
Orb of Annulment,4,24,Scourge
Orb of Annulment,3.99766,25,Scourge
Orb of Annulment,3.9969,26,Scourge
Orb of Annulment,3.5,27,Scourge
Orb of Annulment,3.5,28,Scourge
Orb of Annulment,3.39855,29,Scourge
Orb of Annulment,3,30,Scourge
Tainted Chromatic Orb,1,1,Scourge
Tainted Chromatic Orb,1,2,Scourge
Tainted Chromatic Orb,2,3,Scourge
Tainted Chromatic Orb,2,4,Scourge
Tainted Chromatic Orb,2,5,Scourge
Tainted Chromatic Orb,2,6,Scourge
Tainted Chromatic Orb,2,7,Scourge
Tainted Chromatic Orb,2,8,Scourge
Tainted Chromatic Orb,2,9,Scourge
Tainted Chromatic Orb,2,10,Scourge
Tainted Chromatic Orb,2,11,Scourge
Tainted Chromatic Orb,2,12,Scourge
Tainted Chromatic Orb,2,13,Scourge
Tainted Chromatic Orb,2,14,Scourge
Tainted Chromatic Orb,2,15,Scourge
Tainted Chromatic Orb,2,16,Scourge
Tainted Chromatic Orb,2,17,Scourge
Tainted Chromatic Orb,2,18,Scourge
Tainted Chromatic Orb,2,19,Scourge
Tainted Chromatic Orb,2,20,Scourge
Tainted Chromatic Orb,2,21,Scourge
Tainted Chromatic Orb,2,22,Scourge
Tainted Chromatic Orb,2,23,Scourge
Tainted Chromatic Orb,2,24,Scourge
Tainted Chromatic Orb,2.12502,25,Scourge
Tainted Chromatic Orb,2.47631,26,Scourge
Tainted Chromatic Orb,2.4905,27,Scourge
Tainted Chromatic Orb,2.06773,28,Scourge
Tainted Chromatic Orb,2.49284,29,Scourge
Tainted Chromatic Orb,2.64286,30,Scourge
Harbinger's Orb,3,1,Scourge
Harbinger's Orb,3,2,Scourge
Harbinger's Orb,3,3,Scourge
Harbinger's Orb,3,4,Scourge
Harbinger's Orb,3,5,Scourge
Harbinger's Orb,2,6,Scourge
Harbinger's Orb,2,7,Scourge
Harbinger's Orb,2,8,Scourge
Harbinger's Orb,2,9,Scourge
Harbinger's Orb,2.22921,10,Scourge
Harbinger's Orb,2,11,Scourge
Harbinger's Orb,2.25001,12,Scourge
Harbinger's Orb,2.5,13,Scourge
Harbinger's Orb,2,14,Scourge
Harbinger's Orb,2,15,Scourge
Harbinger's Orb,2,16,Scourge
Harbinger's Orb,2,17,Scourge
Harbinger's Orb,2.5,18,Scourge
Harbinger's Orb,2.4827,19,Scourge
Harbinger's Orb,2.61663,20,Scourge
Harbinger's Orb,2.5,21,Scourge
Harbinger's Orb,1.86002,22,Scourge
Harbinger's Orb,0.41667,23,Scourge
Harbinger's Orb,2.77152,24,Scourge
Harbinger's Orb,1.25146,25,Scourge
Harbinger's Orb,0.44757,26,Scourge
Harbinger's Orb,2.9684,27,Scourge
Harbinger's Orb,2.78839,28,Scourge
Harbinger's Orb,2.5826409090909093,29,Scourge
Veiled Chaos Orb,2,1,Scourge
Veiled Chaos Orb,2,2,Scourge
Veiled Chaos Orb,2,3,Scourge
Veiled Chaos Orb,2,4,Scourge
Veiled Chaos Orb,2,5,Scourge
Veiled Chaos Orb,2,6,Scourge
Veiled Chaos Orb,2,7,Scourge
Veiled Chaos Orb,2,8,Scourge
Veiled Chaos Orb,2,9,Scourge
Veiled Chaos Orb,2,10,Scourge
Veiled Chaos Orb,2,11,Scourge
Veiled Chaos Orb,3,12,Scourge
Veiled Chaos Orb,2,13,Scourge
Veiled Chaos Orb,2,14,Scourge
Veiled Chaos Orb,2,15,Scourge
Veiled Chaos Orb,2,16,Scourge
Veiled Chaos Orb,2,17,Scourge
Veiled Chaos Orb,2,18,Scourge
Veiled Chaos Orb,2,19,Scourge
Veiled Chaos Orb,2,20,Scourge
Veiled Chaos Orb,2,21,Scourge
Veiled Chaos Orb,2,22,Scourge
Veiled Chaos Orb,2,23,Scourge
Veiled Chaos Orb,2.75011,24,Scourge
Veiled Chaos Orb,2.94866,25,Scourge
Veiled Chaos Orb,2.95529,26,Scourge
Veiled Chaos Orb,2,27,Scourge
Veiled Chaos Orb,1.58847,28,Scourge
Veiled Chaos Orb,2.15625,29,Scourge
Exalted Shard,3,1,Scourge
Exalted Shard,2.89474,2,Scourge
Exalted Shard,3,3,Scourge
Exalted Shard,3.47553,4,Scourge
Exalted Shard,3.88333,5,Scourge
Exalted Shard,3.94,6,Scourge
Exalted Shard,3.96078,7,Scourge
Exalted Shard,0.3021,8,Scourge
Exalted Shard,4.34745,9,Scourge
Exalted Shard,4.51395,10,Scourge
Exalted Shard,4.99169,11,Scourge
Exalted Shard,5.95005,12,Scourge
Exalted Shard,6,13,Scourge
Exalted Shard,5.90835,14,Scourge
Exalted Shard,5.98712,15,Scourge
Exalted Shard,5.81742,16,Scourge
Exalted Shard,6,17,Scourge
Exalted Shard,5.92992,18,Scourge
Exalted Shard,6.00025,19,Scourge
Exalted Shard,6.78951,20,Scourge
Exalted Shard,6.86256,21,Scourge
Exalted Shard,7,22,Scourge
Exalted Shard,7,23,Scourge
Exalted Shard,7,24,Scourge
Exalted Shard,7,25,Scourge
Exalted Shard,7,26,Scourge
Exalted Shard,6.99496,27,Scourge
Exalted Shard,7,28,Scourge
Exalted Shard,6.9469,29,Scourge
Exalted Shard,0.14286,30,Scourge
Tainted Orb of Fusing,1,1,Scourge
Tainted Orb of Fusing,1,2,Scourge
Tainted Orb of Fusing,5,3,Scourge
Tainted Orb of Fusing,7,4,Scourge
Tainted Orb of Fusing,6,5,Scourge
Tainted Orb of Fusing,5.50031,6,Scourge
Tainted Orb of Fusing,5,7,Scourge
Tainted Orb of Fusing,4,8,Scourge
Tainted Orb of Fusing,4,9,Scourge
Tainted Orb of Fusing,3,10,Scourge
Tainted Orb of Fusing,3,11,Scourge
Tainted Orb of Fusing,2.97381,12,Scourge
Tainted Orb of Fusing,2.97475,13,Scourge
Tainted Orb of Fusing,2.7114,14,Scourge
Tainted Orb of Fusing,2.5,15,Scourge
Tainted Orb of Fusing,2.48921,16,Scourge
Tainted Orb of Fusing,2,17,Scourge
Tainted Orb of Fusing,2,18,Scourge
Tainted Orb of Fusing,2,19,Scourge
Tainted Orb of Fusing,1.99842,20,Scourge
Tainted Orb of Fusing,2,21,Scourge
Tainted Orb of Fusing,2,22,Scourge
Tainted Orb of Fusing,2,23,Scourge
Tainted Orb of Fusing,2,24,Scourge
Tainted Orb of Fusing,2,25,Scourge
Tainted Orb of Fusing,2,26,Scourge
Tainted Orb of Fusing,2,27,Scourge
Tainted Orb of Fusing,1.99982,28,Scourge
Tainted Orb of Fusing,2,29,Scourge
Tainted Orb of Fusing,2,30,Scourge
Stacked Deck,1,1,Scourge
Stacked Deck,0.66667,2,Scourge
Stacked Deck,0.66667,3,Scourge
Stacked Deck,0.92564,4,Scourge
Stacked Deck,1,5,Scourge
Stacked Deck,0.97826,6,Scourge
Stacked Deck,0.9759,7,Scourge
Stacked Deck,0.99352,8,Scourge
Stacked Deck,1,9,Scourge
Stacked Deck,1,10,Scourge
Stacked Deck,1,11,Scourge
Stacked Deck,1,12,Scourge
Stacked Deck,1.00376,13,Scourge
Stacked Deck,1.1245,14,Scourge
Stacked Deck,1.29813,15,Scourge
Stacked Deck,1.19868,16,Scourge
Stacked Deck,1.28773,17,Scourge
Stacked Deck,1.31258,18,Scourge
Stacked Deck,1.34668,19,Scourge
Stacked Deck,1.4054,20,Scourge
Stacked Deck,1.47521,21,Scourge
Stacked Deck,1.47857,22,Scourge
Stacked Deck,1.49897,23,Scourge
Stacked Deck,1.5,24,Scourge
Stacked Deck,1.5,25,Scourge
Stacked Deck,1.5467,26,Scourge
Stacked Deck,1.5,27,Scourge
Stacked Deck,1.5,28,Scourge
Stacked Deck,1.5,29,Scourge
Stacked Deck,1.5,30,Scourge
Awakened Sextant,1.53007,1,Scourge
Awakened Sextant,1,2,Scourge
Awakened Sextant,1,3,Scourge
Awakened Sextant,1.29168,4,Scourge
Awakened Sextant,1.34024,5,Scourge
Awakened Sextant,1.45711,6,Scourge
Awakened Sextant,1.96966,7,Scourge
Awakened Sextant,1.982,8,Scourge
Awakened Sextant,1.99751,9,Scourge
Awakened Sextant,1.78948,10,Scourge
Awakened Sextant,2.28437,11,Scourge
Awakened Sextant,2.49048,12,Scourge
Awakened Sextant,2.49368,13,Scourge
Awakened Sextant,2.41926,14,Scourge
Awakened Sextant,2.44206,15,Scourge
Awakened Sextant,2.47729,16,Scourge
Awakened Sextant,2.46119,17,Scourge
Awakened Sextant,2.4935,18,Scourge
Awakened Sextant,2.47895,19,Scourge
Awakened Sextant,2.48737,20,Scourge
Awakened Sextant,2.48607,21,Scourge
Awakened Sextant,2.5425,22,Scourge
Awakened Sextant,2.91829,23,Scourge
Awakened Sextant,2.97778,24,Scourge
Awakened Sextant,3.30651,25,Scourge
Awakened Sextant,3,26,Scourge
Awakened Sextant,3,27,Scourge
Awakened Sextant,2.96952,28,Scourge
Awakened Sextant,0.40025666666666665,29,Scourge
Tempering Catalyst,1,1,Scourge
Tempering Catalyst,1,2,Scourge
Tempering Catalyst,1,3,Scourge
Tempering Catalyst,2,4,Scourge
Tempering Catalyst,2,5,Scourge
Tempering Catalyst,1.5,6,Scourge
Tempering Catalyst,1.44458,7,Scourge
Tempering Catalyst,1.9901,8,Scourge
Tempering Catalyst,2,9,Scourge
Tempering Catalyst,1.88239,10,Scourge
Tempering Catalyst,2,11,Scourge
Tempering Catalyst,2,12,Scourge
Tempering Catalyst,2,13,Scourge
Tempering Catalyst,2,14,Scourge
Tempering Catalyst,2,15,Scourge
Tempering Catalyst,1.98685,16,Scourge
Tempering Catalyst,2,17,Scourge
Tempering Catalyst,1.98684,18,Scourge
Tempering Catalyst,1.98971,19,Scourge
Tempering Catalyst,1.96879,20,Scourge
Tempering Catalyst,1.5,21,Scourge
Tempering Catalyst,1.583,22,Scourge
Tempering Catalyst,1.5,23,Scourge
Tempering Catalyst,1.5,24,Scourge
Tempering Catalyst,1.48718,25,Scourge
Tempering Catalyst,1.48127,26,Scourge
Tempering Catalyst,1.42119,27,Scourge
Tempering Catalyst,1,28,Scourge
Tempering Catalyst,1.496535,29,Scourge
Annulment Shard,1,1,Scourge
Annulment Shard,1,2,Scourge
Annulment Shard,0.97784,3,Scourge
Annulment Shard,0.6939,4,Scourge
Annulment Shard,0.74032,5,Scourge
Annulment Shard,0.46909,6,Scourge
Annulment Shard,0.79236,7,Scourge
Annulment Shard,0.79501,8,Scourge
Annulment Shard,0.47917,9,Scourge
Annulment Shard,0.77365,10,Scourge
Annulment Shard,0.81946,11,Scourge
Annulment Shard,0.63377,12,Scourge
Annulment Shard,0.53959,13,Scourge
Annulment Shard,0.5,14,Scourge
Annulment Shard,0.45533,15,Scourge
Annulment Shard,0.81738,16,Scourge
Annulment Shard,0.5,17,Scourge
Annulment Shard,0.50606,18,Scourge
Annulment Shard,0.5762,19,Scourge
Annulment Shard,0.57143,20,Scourge
Annulment Shard,0.57143,21,Scourge
Annulment Shard,0.79138,22,Scourge
Annulment Shard,0.77006,23,Scourge
Annulment Shard,0.63674,24,Scourge
Annulment Shard,0.79167,25,Scourge
Annulment Shard,0.85403,26,Scourge
Annulment Shard,0.91385,27,Scourge
Annulment Shard,0.90124,28,Scourge
Annulment Shard,1,29,Scourge
Accelerating Catalyst,1,1,Scourge
Accelerating Catalyst,1,2,Scourge
Accelerating Catalyst,1,3,Scourge
Accelerating Catalyst,1,4,Scourge
Accelerating Catalyst,1,5,Scourge
Accelerating Catalyst,1,6,Scourge
Accelerating Catalyst,1,7,Scourge
Accelerating Catalyst,1,8,Scourge
Accelerating Catalyst,1,9,Scourge
Accelerating Catalyst,1,10,Scourge
Accelerating Catalyst,1,11,Scourge
Accelerating Catalyst,1,12,Scourge
Accelerating Catalyst,1,13,Scourge
Accelerating Catalyst,1,14,Scourge
Accelerating Catalyst,1,15,Scourge
Accelerating Catalyst,1,16,Scourge
Accelerating Catalyst,1,17,Scourge
Accelerating Catalyst,1,18,Scourge
Accelerating Catalyst,1,19,Scourge
Accelerating Catalyst,1,20,Scourge
Accelerating Catalyst,1,21,Scourge
Accelerating Catalyst,1,22,Scourge
Accelerating Catalyst,1,23,Scourge
Accelerating Catalyst,1,24,Scourge
Accelerating Catalyst,1,25,Scourge
Accelerating Catalyst,1,26,Scourge
Accelerating Catalyst,1,27,Scourge
Accelerating Catalyst,1,28,Scourge
Accelerating Catalyst,1,29,Scourge
Prime Sextant,1.18345,1,Scourge
Prime Sextant,0.91083,2,Scourge
Prime Sextant,0.83333,3,Scourge
Prime Sextant,0.66667,4,Scourge
Prime Sextant,0.66667,5,Scourge
Prime Sextant,0.66541,6,Scourge
Prime Sextant,0.664,7,Scourge
Prime Sextant,0.66667,8,Scourge
Prime Sextant,0.66472,9,Scourge
Prime Sextant,0.66599,10,Scourge
Prime Sextant,0.66667,11,Scourge
Prime Sextant,0.66667,12,Scourge
Prime Sextant,0.66667,13,Scourge
Prime Sextant,0.66667,14,Scourge
Prime Sextant,0.66667,15,Scourge
Prime Sextant,0.66667,16,Scourge
Prime Sextant,0.66667,17,Scourge
Prime Sextant,0.66667,18,Scourge
Prime Sextant,0.66667,19,Scourge
Prime Sextant,0.66667,20,Scourge
Prime Sextant,0.76927,21,Scourge
Prime Sextant,0.7132,22,Scourge
Prime Sextant,0.83333,23,Scourge
Prime Sextant,0.9216,24,Scourge
Prime Sextant,1,25,Scourge
Prime Sextant,1.00049,26,Scourge
Prime Sextant,0.99901,27,Scourge
Prime Sextant,1,28,Scourge
Prime Sextant,0.8083325,29,Scourge
Gemcutter's Prism,1,1,Scourge
Gemcutter's Prism,0.45455,2,Scourge
Gemcutter's Prism,0.47682,3,Scourge
Gemcutter's Prism,0.8661,4,Scourge
Gemcutter's Prism,0.92789,5,Scourge
Gemcutter's Prism,0.96012,6,Scourge
Gemcutter's Prism,0.94647,7,Scourge
Gemcutter's Prism,0.90448,8,Scourge
Gemcutter's Prism,0.84799,9,Scourge
Gemcutter's Prism,0.83333,10,Scourge
Gemcutter's Prism,0.83333,11,Scourge
Gemcutter's Prism,0.82333,12,Scourge
Gemcutter's Prism,0.82744,13,Scourge
Gemcutter's Prism,0.83066,14,Scourge
Gemcutter's Prism,0.81448,15,Scourge
Gemcutter's Prism,0.79748,16,Scourge
Gemcutter's Prism,0.76923,17,Scourge
Gemcutter's Prism,0.76607,18,Scourge
Gemcutter's Prism,0.76256,19,Scourge
Gemcutter's Prism,0.7263,20,Scourge
Gemcutter's Prism,0.71429,21,Scourge
Gemcutter's Prism,0.71272,22,Scourge
Gemcutter's Prism,0.71342,23,Scourge
Gemcutter's Prism,0.71376,24,Scourge
Gemcutter's Prism,0.714,25,Scourge
Gemcutter's Prism,0.71321,26,Scourge
Gemcutter's Prism,0.70636,27,Scourge
Gemcutter's Prism,0.68392,28,Scourge
Gemcutter's Prism,0.66667,29,Scourge
Gemcutter's Prism,0.6649511111111112,30,Scourge
Vaal Orb,1,1,Scourge
Vaal Orb,0.33333,2,Scourge
Vaal Orb,0.46179,3,Scourge
Vaal Orb,0.7987,4,Scourge
Vaal Orb,0.76262,5,Scourge
Vaal Orb,0.71429,6,Scourge
Vaal Orb,0.65124,7,Scourge
Vaal Orb,0.55518,8,Scourge
Vaal Orb,0.53889,9,Scourge
Vaal Orb,0.51804,10,Scourge
Vaal Orb,0.47509,11,Scourge
Vaal Orb,0.45868,12,Scourge
Vaal Orb,0.45455,13,Scourge
Vaal Orb,0.45453,14,Scourge
Vaal Orb,0.45455,15,Scourge
Vaal Orb,0.45261,16,Scourge
Vaal Orb,0.44545,17,Scourge
Vaal Orb,0.44437,18,Scourge
Vaal Orb,0.44339,19,Scourge
Vaal Orb,0.44421,20,Scourge
Vaal Orb,0.44444,21,Scourge
Vaal Orb,0.44444,22,Scourge
Vaal Orb,0.447,23,Scourge
Vaal Orb,0.44595,24,Scourge
Vaal Orb,0.4503,25,Scourge
Vaal Orb,0.45255,26,Scourge
Vaal Orb,0.4762,27,Scourge
Vaal Orb,0.48377,28,Scourge
Vaal Orb,0.48119,29,Scourge
Vaal Orb,0.479138,30,Scourge
Orb of Scouring,0.76262,1,Scourge
Orb of Scouring,0.39937,2,Scourge
Orb of Scouring,0.5,3,Scourge
Orb of Scouring,0.66667,4,Scourge
Orb of Scouring,0.7,5,Scourge
Orb of Scouring,0.64479,6,Scourge
Orb of Scouring,0.48958,7,Scourge
Orb of Scouring,0.43922,8,Scourge
Orb of Scouring,0.39863,9,Scourge
Orb of Scouring,0.37294,10,Scourge
Orb of Scouring,0.3481,11,Scourge
Orb of Scouring,0.33302,12,Scourge
Orb of Scouring,0.32966,13,Scourge
Orb of Scouring,0.33333,14,Scourge
Orb of Scouring,0.33333,15,Scourge
Orb of Scouring,0.33333,16,Scourge
Orb of Scouring,0.33333,17,Scourge
Orb of Scouring,0.33333,18,Scourge
Orb of Scouring,0.33333,19,Scourge
Orb of Scouring,0.3659,20,Scourge
Orb of Scouring,0.37037,21,Scourge
Orb of Scouring,0.38417,22,Scourge
Orb of Scouring,0.39247,23,Scourge
Orb of Scouring,0.42241,24,Scourge
Orb of Scouring,0.44444,25,Scourge
Orb of Scouring,0.44444,26,Scourge
Orb of Scouring,0.44444,27,Scourge
Orb of Scouring,0.44444,28,Scourge
Orb of Scouring,0.45261,29,Scourge
Orb of Scouring,0.442358,30,Scourge
Orb of Regret,1,1,Scourge
Orb of Regret,0.67708,2,Scourge
Orb of Regret,1,3,Scourge
Orb of Regret,1.5,4,Scourge
Orb of Regret,1.49248,5,Scourge
Orb of Regret,1.28667,6,Scourge
Orb of Regret,1,7,Scourge
Orb of Regret,0.9,8,Scourge
Orb of Regret,0.83075,9,Scourge
Orb of Regret,0.73473,10,Scourge
Orb of Regret,0.66667,11,Scourge
Orb of Regret,0.63831,12,Scourge
Orb of Regret,0.63336,13,Scourge
Orb of Regret,0.61095,14,Scourge
Orb of Regret,0.58487,15,Scourge
Orb of Regret,0.57107,16,Scourge
Orb of Regret,0.52852,17,Scourge
Orb of Regret,0.5095,18,Scourge
Orb of Regret,0.50135,19,Scourge
Orb of Regret,0.49159,20,Scourge
Orb of Regret,0.47326,21,Scourge
Orb of Regret,0.45485,22,Scourge
Orb of Regret,0.45455,23,Scourge
Orb of Regret,0.45448,24,Scourge
Orb of Regret,0.45045,25,Scourge
Orb of Regret,0.44755,26,Scourge
Orb of Regret,0.44432,27,Scourge
Orb of Regret,0.44086,28,Scourge
Orb of Regret,0.43333,29,Scourge
Orb of Regret,0.41667,30,Scourge
Intrinsic Catalyst,1,1,Scourge
Intrinsic Catalyst,1,2,Scourge
Intrinsic Catalyst,1,3,Scourge
Intrinsic Catalyst,1,4,Scourge
Intrinsic Catalyst,1,5,Scourge
Intrinsic Catalyst,0.98918,6,Scourge
Intrinsic Catalyst,0.88889,7,Scourge
Intrinsic Catalyst,0.81471,8,Scourge
Intrinsic Catalyst,0.79261,9,Scourge
Intrinsic Catalyst,0.71416,10,Scourge
Intrinsic Catalyst,0.65001,11,Scourge
Intrinsic Catalyst,0.55556,12,Scourge
Intrinsic Catalyst,0.5,13,Scourge
Intrinsic Catalyst,0.49884,14,Scourge
Intrinsic Catalyst,0.49438,15,Scourge
Intrinsic Catalyst,0.4878,16,Scourge
Intrinsic Catalyst,0.48106,17,Scourge
Intrinsic Catalyst,0.48155,18,Scourge
Intrinsic Catalyst,0.47567,19,Scourge
Intrinsic Catalyst,0.44185,20,Scourge
Intrinsic Catalyst,0.43079,21,Scourge
Intrinsic Catalyst,0.43076,22,Scourge
Intrinsic Catalyst,0.42857,23,Scourge
Intrinsic Catalyst,0.43147,24,Scourge
Intrinsic Catalyst,0.40595,25,Scourge
Intrinsic Catalyst,0.39835,26,Scourge
Intrinsic Catalyst,0.41622,27,Scourge
Intrinsic Catalyst,0.41533,28,Scourge
Intrinsic Catalyst,0.3707909090909091,29,Scourge
Simple Sextant,0.78571,1,Scourge
Simple Sextant,0.57404,2,Scourge
Simple Sextant,0.45182,3,Scourge
Simple Sextant,0.38163,4,Scourge
Simple Sextant,0.33333,5,Scourge
Simple Sextant,0.33333,6,Scourge
Simple Sextant,0.32995,7,Scourge
Simple Sextant,0.33141,8,Scourge
Simple Sextant,0.33017,9,Scourge
Simple Sextant,0.32788,10,Scourge
Simple Sextant,0.32258,11,Scourge
Simple Sextant,0.33035,12,Scourge
Simple Sextant,0.32258,13,Scourge
Simple Sextant,0.32879,14,Scourge
Simple Sextant,0.32672,15,Scourge
Simple Sextant,0.32258,16,Scourge
Simple Sextant,0.33154,17,Scourge
Simple Sextant,0.33168,18,Scourge
Simple Sextant,0.33201,19,Scourge
Simple Sextant,0.332,20,Scourge
Simple Sextant,0.3325,21,Scourge
Simple Sextant,0.33278,22,Scourge
Simple Sextant,0.33333,23,Scourge
Simple Sextant,0.33333,24,Scourge
Simple Sextant,0.33333,25,Scourge
Simple Sextant,0.33333,26,Scourge
Simple Sextant,0.3508,27,Scourge
Simple Sextant,0.49612,28,Scourge
Simple Sextant,0.33333,29,Scourge
Regal Orb,1,1,Scourge
Regal Orb,0.9774,2,Scourge
Regal Orb,0.90909,3,Scourge
Regal Orb,0.83233,4,Scourge
Regal Orb,0.74168,5,Scourge
Regal Orb,0.66628,6,Scourge
Regal Orb,0.58425,7,Scourge
Regal Orb,0.53053,8,Scourge
Regal Orb,0.49962,9,Scourge
Regal Orb,0.49393,10,Scourge
Regal Orb,0.4893,11,Scourge
Regal Orb,0.48305,12,Scourge
Regal Orb,0.47619,13,Scourge
Regal Orb,0.48075,14,Scourge
Regal Orb,0.47612,15,Scourge
Regal Orb,0.46689,16,Scourge
Regal Orb,0.45,17,Scourge
Regal Orb,0.44299,18,Scourge
Regal Orb,0.43144,19,Scourge
Regal Orb,0.42053,20,Scourge
Regal Orb,0.41665,21,Scourge
Regal Orb,0.4058,22,Scourge
Regal Orb,0.38574,23,Scourge
Regal Orb,0.38235,24,Scourge
Regal Orb,0.3775,25,Scourge
Regal Orb,0.37003,26,Scourge
Regal Orb,0.36389,27,Scourge
Regal Orb,0.34708,28,Scourge
Regal Orb,0.33333,29,Scourge
Regal Orb,0.33333,30,Scourge
Tainted Jeweller's Orb,1,1,Scourge
Tainted Jeweller's Orb,1,2,Scourge
Tainted Jeweller's Orb,1,3,Scourge
Tainted Jeweller's Orb,1,4,Scourge
Tainted Jeweller's Orb,1,5,Scourge
Tainted Jeweller's Orb,1,6,Scourge
Tainted Jeweller's Orb,0.8889,7,Scourge
Tainted Jeweller's Orb,0.66325,8,Scourge
Tainted Jeweller's Orb,0.56075,9,Scourge
Tainted Jeweller's Orb,0.5,10,Scourge
Tainted Jeweller's Orb,0.4962,11,Scourge
Tainted Jeweller's Orb,0.46119,12,Scourge
Tainted Jeweller's Orb,0.45319,13,Scourge
Tainted Jeweller's Orb,0.44272,14,Scourge
Tainted Jeweller's Orb,0.43409,15,Scourge
Tainted Jeweller's Orb,0.42968,16,Scourge
Tainted Jeweller's Orb,0.42648,17,Scourge
Tainted Jeweller's Orb,0.41667,18,Scourge
Tainted Jeweller's Orb,0.40113,19,Scourge
Tainted Jeweller's Orb,0.33333,20,Scourge
Tainted Jeweller's Orb,0.33333,21,Scourge
Tainted Jeweller's Orb,0.33333,22,Scourge
Tainted Jeweller's Orb,0.33333,23,Scourge
Tainted Jeweller's Orb,0.33333,24,Scourge
Tainted Jeweller's Orb,0.33333,25,Scourge
Tainted Jeweller's Orb,0.33333,26,Scourge
Tainted Jeweller's Orb,0.33333,27,Scourge
Tainted Jeweller's Orb,0.33333,28,Scourge
Tainted Jeweller's Orb,0.33333,29,Scourge
Tainted Jeweller's Orb,0.33333,30,Scourge
Tainted Armourer's Scrap,1,1,Scourge
Tainted Armourer's Scrap,1,2,Scourge
Tainted Armourer's Scrap,1,3,Scourge
Tainted Armourer's Scrap,1,4,Scourge
Tainted Armourer's Scrap,0.97896,5,Scourge
Tainted Armourer's Scrap,0.66668,6,Scourge
Tainted Armourer's Scrap,0.56629,7,Scourge
Tainted Armourer's Scrap,0.44197,8,Scourge
Tainted Armourer's Scrap,0.33333,9,Scourge
Tainted Armourer's Scrap,0.33333,10,Scourge
Tainted Armourer's Scrap,0.33333,11,Scourge
Tainted Armourer's Scrap,0.33333,12,Scourge
Tainted Armourer's Scrap,0.33185,13,Scourge
Tainted Armourer's Scrap,0.33265,14,Scourge
Tainted Armourer's Scrap,0.33317,15,Scourge
Tainted Armourer's Scrap,0.33296,16,Scourge
Tainted Armourer's Scrap,0.33141,17,Scourge
Tainted Armourer's Scrap,0.33151,18,Scourge
Tainted Armourer's Scrap,0.33159,19,Scourge
Tainted Armourer's Scrap,0.32907,20,Scourge
Tainted Armourer's Scrap,0.33333,21,Scourge
Tainted Armourer's Scrap,0.33248,22,Scourge
Tainted Armourer's Scrap,0.33197,23,Scourge
Tainted Armourer's Scrap,0.33333,24,Scourge
Tainted Armourer's Scrap,0.33294,25,Scourge
Tainted Armourer's Scrap,0.33333,26,Scourge
Tainted Armourer's Scrap,0.33333,27,Scourge
Tainted Armourer's Scrap,0.33333,28,Scourge
Tainted Armourer's Scrap,0.33333,29,Scourge
Tainted Armourer's Scrap,0.33333,30,Scourge
Blessed Orb,1,1,Scourge
Blessed Orb,0.5,2,Scourge
Blessed Orb,0.45455,3,Scourge
Blessed Orb,0.46554,4,Scourge
Blessed Orb,0.46135,5,Scourge
Blessed Orb,0.46307,6,Scourge
Blessed Orb,0.45382,7,Scourge
Blessed Orb,0.43478,8,Scourge
Blessed Orb,0.43342,9,Scourge
Blessed Orb,0.41077,10,Scourge
Blessed Orb,0.38462,11,Scourge
Blessed Orb,0.36316,12,Scourge
Blessed Orb,0.3395,13,Scourge
Blessed Orb,0.33333,14,Scourge
Blessed Orb,0.33333,15,Scourge
Blessed Orb,0.33333,16,Scourge
Blessed Orb,0.33333,17,Scourge
Blessed Orb,0.33333,18,Scourge
Blessed Orb,0.33296,19,Scourge
Blessed Orb,0.33252,20,Scourge
Blessed Orb,0.33259,21,Scourge
Blessed Orb,0.3324,22,Scourge
Blessed Orb,0.33333,23,Scourge
Blessed Orb,0.33308,24,Scourge
Blessed Orb,0.33307,25,Scourge
Blessed Orb,0.33324,26,Scourge
Blessed Orb,0.33278,27,Scourge
Blessed Orb,0.33323,28,Scourge
Blessed Orb,0.3332,29,Scourge
Blessed Orb,0.33283,30,Scourge
Silver Coin,0.35036,1,Scourge
Silver Coin,0.16667,2,Scourge
Silver Coin,0.16667,3,Scourge
Silver Coin,0.16667,4,Scourge
Silver Coin,0.16667,5,Scourge
Silver Coin,0.16629,6,Scourge
Silver Coin,0.15386,7,Scourge
Silver Coin,0.14286,8,Scourge
Silver Coin,0.14286,9,Scourge
Silver Coin,0.14286,10,Scourge
Silver Coin,0.14286,11,Scourge
Silver Coin,0.14286,12,Scourge
Silver Coin,0.14286,13,Scourge
Silver Coin,0.14286,14,Scourge
Silver Coin,0.14286,15,Scourge
Silver Coin,0.14286,16,Scourge
Silver Coin,0.14286,17,Scourge
Silver Coin,0.14286,18,Scourge
Silver Coin,0.14286,19,Scourge
Silver Coin,0.14286,20,Scourge
Silver Coin,0.1442,21,Scourge
Silver Coin,0.14439,22,Scourge
Silver Coin,0.14839,23,Scourge
Silver Coin,0.1553,24,Scourge
Silver Coin,0.16436,25,Scourge
Silver Coin,0.16667,26,Scourge
Silver Coin,0.16667,27,Scourge
Silver Coin,0.24632,28,Scourge
Silver Coin,0.28148,29,Scourge
Silver Coin,0.2856417647058824,30,Scourge
Orb of Horizons,2.5,1,Scourge
Orb of Horizons,0.70522,2,Scourge
Orb of Horizons,0.66667,3,Scourge
Orb of Horizons,0.56869,4,Scourge
Orb of Horizons,0.45455,5,Scourge
Orb of Horizons,0.40838,6,Scourge
Orb of Horizons,0.33333,7,Scourge
Orb of Horizons,0.32258,8,Scourge
Orb of Horizons,0.32045,9,Scourge
Orb of Horizons,0.30493,10,Scourge
Orb of Horizons,0.29954,11,Scourge
Orb of Horizons,0.28571,12,Scourge
Orb of Horizons,0.28571,13,Scourge
Orb of Horizons,0.28571,14,Scourge
Orb of Horizons,0.28515,15,Scourge
Orb of Horizons,0.28277,16,Scourge
Orb of Horizons,0.27538,17,Scourge
Orb of Horizons,0.27273,18,Scourge
Orb of Horizons,0.27207,19,Scourge
Orb of Horizons,0.26928,20,Scourge
Orb of Horizons,0.2675,21,Scourge
Orb of Horizons,0.26667,22,Scourge
Orb of Horizons,0.26932,23,Scourge
Orb of Horizons,0.26958,24,Scourge
Orb of Horizons,0.26977,25,Scourge
Orb of Horizons,0.26987,26,Scourge
Orb of Horizons,0.26667,27,Scourge
Orb of Horizons,0.26603,28,Scourge
Orb of Horizons,0.2665,29,Scourge
Orb of Horizons,0.26254736842105264,30,Scourge
Turbulent Catalyst,1,1,Scourge
Turbulent Catalyst,1,2,Scourge
Turbulent Catalyst,1,3,Scourge
Turbulent Catalyst,1,4,Scourge
Turbulent Catalyst,0.98,5,Scourge
Turbulent Catalyst,0.98411,6,Scourge
Turbulent Catalyst,0.86924,7,Scourge
Turbulent Catalyst,0.77259,8,Scourge
Turbulent Catalyst,0.66667,9,Scourge
Turbulent Catalyst,0.63425,10,Scourge
Turbulent Catalyst,0.5,11,Scourge
Turbulent Catalyst,0.5,12,Scourge
Turbulent Catalyst,0.49322,13,Scourge
Turbulent Catalyst,0.45619,14,Scourge
Turbulent Catalyst,0.44444,15,Scourge
Turbulent Catalyst,0.44444,16,Scourge
Turbulent Catalyst,0.44444,17,Scourge
Turbulent Catalyst,0.44444,18,Scourge
Turbulent Catalyst,0.44347,19,Scourge
Turbulent Catalyst,0.42857,20,Scourge
Turbulent Catalyst,0.42857,21,Scourge
Turbulent Catalyst,0.42857,22,Scourge
Turbulent Catalyst,0.42589,23,Scourge
Turbulent Catalyst,0.42545,24,Scourge
Turbulent Catalyst,0.4,25,Scourge
Turbulent Catalyst,0.39525,26,Scourge
Turbulent Catalyst,0.36439,27,Scourge
Turbulent Catalyst,0.35874,28,Scourge
Turbulent Catalyst,0.33333,29,Scourge
Cartographer's Chisel,1,1,Scourge
Cartographer's Chisel,0.25,2,Scourge
Cartographer's Chisel,0.22222,3,Scourge
Cartographer's Chisel,0.22222,4,Scourge
Cartographer's Chisel,0.22222,5,Scourge
Cartographer's Chisel,0.22214,6,Scourge
Cartographer's Chisel,0.21047,7,Scourge
Cartographer's Chisel,0.19608,8,Scourge
Cartographer's Chisel,0.18182,9,Scourge
Cartographer's Chisel,0.18092,10,Scourge
Cartographer's Chisel,0.17742,11,Scourge
Cartographer's Chisel,0.17009,12,Scourge
Cartographer's Chisel,0.16667,13,Scourge
Cartographer's Chisel,0.16667,14,Scourge
Cartographer's Chisel,0.16667,15,Scourge
Cartographer's Chisel,0.16667,16,Scourge
Cartographer's Chisel,0.16667,17,Scourge
Cartographer's Chisel,0.16667,18,Scourge
Cartographer's Chisel,0.16667,19,Scourge
Cartographer's Chisel,0.16667,20,Scourge
Cartographer's Chisel,0.16667,21,Scourge
Cartographer's Chisel,0.16667,22,Scourge
Cartographer's Chisel,0.16667,23,Scourge
Cartographer's Chisel,0.16667,24,Scourge
Cartographer's Chisel,0.17008,25,Scourge
Cartographer's Chisel,0.17283,26,Scourge
Cartographer's Chisel,0.18033,27,Scourge
Cartographer's Chisel,0.19339,28,Scourge
Cartographer's Chisel,0.19673,29,Scourge
Cartographer's Chisel,0.22083785714285714,30,Scourge
Orb of Alteration,0.06782,1,Scourge
Orb of Alteration,0.05816,2,Scourge
Orb of Alteration,0.06667,3,Scourge
Orb of Alteration,0.12375,4,Scourge
Orb of Alteration,0.14186,5,Scourge
Orb of Alteration,0.14286,6,Scourge
Orb of Alteration,0.16504,7,Scourge
Orb of Alteration,0.16641,8,Scourge
Orb of Alteration,0.15873,9,Scourge
Orb of Alteration,0.15385,10,Scourge
Orb of Alteration,0.1538,11,Scourge
Orb of Alteration,0.1538,12,Scourge
Orb of Alteration,0.15385,13,Scourge
Orb of Alteration,0.16605,14,Scourge
Orb of Alteration,0.16667,15,Scourge
Orb of Alteration,0.16653,16,Scourge
Orb of Alteration,0.16667,17,Scourge
Orb of Alteration,0.16667,18,Scourge
Orb of Alteration,0.16667,19,Scourge
Orb of Alteration,0.16667,20,Scourge
Orb of Alteration,0.17157,21,Scourge
Orb of Alteration,0.17748,22,Scourge
Orb of Alteration,0.18182,23,Scourge
Orb of Alteration,0.1959,24,Scourge
Orb of Alteration,0.20668,25,Scourge
Orb of Alteration,0.20627,26,Scourge
Orb of Alteration,0.20776,27,Scourge
Orb of Alteration,0.20765,28,Scourge
Orb of Alteration,0.20761,29,Scourge
Orb of Alteration,0.199945,30,Scourge
Abrasive Catalyst,1,1,Scourge
Abrasive Catalyst,1,2,Scourge
Abrasive Catalyst,1,3,Scourge
Abrasive Catalyst,1,4,Scourge
Abrasive Catalyst,0.99882,5,Scourge
Abrasive Catalyst,0.96212,6,Scourge
Abrasive Catalyst,0.66667,7,Scourge
Abrasive Catalyst,0.66139,8,Scourge
Abrasive Catalyst,0.55195,9,Scourge
Abrasive Catalyst,0.44444,10,Scourge
Abrasive Catalyst,0.42064,11,Scourge
Abrasive Catalyst,0.40577,12,Scourge
Abrasive Catalyst,0.39327,13,Scourge
Abrasive Catalyst,0.38762,14,Scourge
Abrasive Catalyst,0.33333,15,Scourge
Abrasive Catalyst,0.33333,16,Scourge
Abrasive Catalyst,0.33333,17,Scourge
Abrasive Catalyst,0.33333,18,Scourge
Abrasive Catalyst,0.33333,19,Scourge
Abrasive Catalyst,0.33333,20,Scourge
Abrasive Catalyst,0.33333,21,Scourge
Abrasive Catalyst,0.3328,22,Scourge
Abrasive Catalyst,0.33318,23,Scourge
Abrasive Catalyst,0.3315,24,Scourge
Abrasive Catalyst,0.32084,25,Scourge
Abrasive Catalyst,0.31882,26,Scourge
Abrasive Catalyst,0.32359,27,Scourge
Abrasive Catalyst,0.31959,28,Scourge
Abrasive Catalyst,0.2762636363636364,29,Scourge
Glassblower's Bauble,1,1,Scourge
Glassblower's Bauble,0.48674,2,Scourge
Glassblower's Bauble,0.33333,3,Scourge
Glassblower's Bauble,0.33333,4,Scourge
Glassblower's Bauble,0.33333,5,Scourge
Glassblower's Bauble,0.33333,6,Scourge
Glassblower's Bauble,0.32727,7,Scourge
Glassblower's Bauble,0.28571,8,Scourge
Glassblower's Bauble,0.2829,9,Scourge
Glassblower's Bauble,0.27184,10,Scourge
Glassblower's Bauble,0.26786,11,Scourge
Glassblower's Bauble,0.26317,12,Scourge
Glassblower's Bauble,0.24801,13,Scourge
Glassblower's Bauble,0.2381,14,Scourge
Glassblower's Bauble,0.22431,15,Scourge
Glassblower's Bauble,0.22206,16,Scourge
Glassblower's Bauble,0.22006,17,Scourge
Glassblower's Bauble,0.22172,18,Scourge
Glassblower's Bauble,0.21445,19,Scourge
Glassblower's Bauble,0.21372,20,Scourge
Glassblower's Bauble,0.19914,21,Scourge
Glassblower's Bauble,0.1937,22,Scourge
Glassblower's Bauble,0.19029,23,Scourge
Glassblower's Bauble,0.19539,24,Scourge
Glassblower's Bauble,0.19309,25,Scourge
Glassblower's Bauble,0.19912,26,Scourge
Glassblower's Bauble,0.19978,27,Scourge
Glassblower's Bauble,0.19799,28,Scourge
Glassblower's Bauble,0.19976,29,Scourge
Glassblower's Bauble,0.19258555555555557,30,Scourge
Instilling Orb,0.88662,1,Scourge
Instilling Orb,0.77264,2,Scourge
Instilling Orb,0.66667,3,Scourge
Instilling Orb,0.63333,4,Scourge
Instilling Orb,0.46084,5,Scourge
Instilling Orb,0.33333,6,Scourge
Instilling Orb,0.30188,7,Scourge
Instilling Orb,0.28454,8,Scourge
Instilling Orb,0.25954,9,Scourge
Instilling Orb,0.23756,10,Scourge
Instilling Orb,0.22052,11,Scourge
Instilling Orb,0.19643,12,Scourge
Instilling Orb,0.16667,13,Scourge
Instilling Orb,0.16667,14,Scourge
Instilling Orb,0.16667,15,Scourge
Instilling Orb,0.1665,16,Scourge
Instilling Orb,0.1663,17,Scourge
Instilling Orb,0.16631,18,Scourge
Instilling Orb,0.16594,19,Scourge
Instilling Orb,0.16534,20,Scourge
Instilling Orb,0.16589,21,Scourge
Instilling Orb,0.16633,22,Scourge
Instilling Orb,0.16617,23,Scourge
Instilling Orb,0.16646,24,Scourge
Instilling Orb,0.16643,25,Scourge
Instilling Orb,0.16652,26,Scourge
Instilling Orb,0.16663,27,Scourge
Instilling Orb,0.16625,28,Scourge
Noxious Catalyst,1,1,Scourge
Noxious Catalyst,1,2,Scourge
Noxious Catalyst,1,3,Scourge
Noxious Catalyst,1,4,Scourge
Noxious Catalyst,1,5,Scourge
Noxious Catalyst,0.90101,6,Scourge
Noxious Catalyst,0.76199,7,Scourge
Noxious Catalyst,0.5542,8,Scourge
Noxious Catalyst,0.49829,9,Scourge
Noxious Catalyst,0.41932,10,Scourge
Noxious Catalyst,0.33333,11,Scourge
Noxious Catalyst,0.33333,12,Scourge
Noxious Catalyst,0.33189,13,Scourge
Noxious Catalyst,0.32977,14,Scourge
Noxious Catalyst,0.28571,15,Scourge
Noxious Catalyst,0.28571,16,Scourge
Noxious Catalyst,0.28571,17,Scourge
Noxious Catalyst,0.28571,18,Scourge
Noxious Catalyst,0.28571,19,Scourge
Noxious Catalyst,0.28451,20,Scourge
Noxious Catalyst,0.28506,21,Scourge
Noxious Catalyst,0.28571,22,Scourge
Noxious Catalyst,0.28571,23,Scourge
Noxious Catalyst,0.28571,24,Scourge
Noxious Catalyst,0.28374,25,Scourge
Noxious Catalyst,0.27526,26,Scourge
Noxious Catalyst,0.2826,27,Scourge
Noxious Catalyst,0.28001,28,Scourge
Noxious Catalyst,0.23848666666666668,29,Scourge
Tainted Blacksmith's Whetstone,1,1,Scourge
Tainted Blacksmith's Whetstone,1,2,Scourge
Tainted Blacksmith's Whetstone,1,3,Scourge
Tainted Blacksmith's Whetstone,1,4,Scourge
Tainted Blacksmith's Whetstone,0.77318,5,Scourge
Tainted Blacksmith's Whetstone,0.64983,6,Scourge
Tainted Blacksmith's Whetstone,0.33333,7,Scourge
Tainted Blacksmith's Whetstone,0.33333,8,Scourge
Tainted Blacksmith's Whetstone,0.33333,9,Scourge
Tainted Blacksmith's Whetstone,0.32937,10,Scourge
Tainted Blacksmith's Whetstone,0.31975,11,Scourge
Tainted Blacksmith's Whetstone,0.3222,12,Scourge
Tainted Blacksmith's Whetstone,0.27447,13,Scourge
Tainted Blacksmith's Whetstone,0.22052,14,Scourge
Tainted Blacksmith's Whetstone,0.16667,15,Scourge
Tainted Blacksmith's Whetstone,0.16571,16,Scourge
Tainted Blacksmith's Whetstone,0.14286,17,Scourge
Tainted Blacksmith's Whetstone,0.14286,18,Scourge
Tainted Blacksmith's Whetstone,0.14286,19,Scourge
Tainted Blacksmith's Whetstone,0.14286,20,Scourge
Tainted Blacksmith's Whetstone,0.14286,21,Scourge
Tainted Blacksmith's Whetstone,0.14278,22,Scourge
Tainted Blacksmith's Whetstone,0.14286,23,Scourge
Tainted Blacksmith's Whetstone,0.14286,24,Scourge
Tainted Blacksmith's Whetstone,0.14281,25,Scourge
Tainted Blacksmith's Whetstone,0.14263,26,Scourge
Tainted Blacksmith's Whetstone,0.14235,27,Scourge
Tainted Blacksmith's Whetstone,0.14254,28,Scourge
Tainted Blacksmith's Whetstone,0.1427,29,Scourge
Tainted Blacksmith's Whetstone,0.142218,30,Scourge
Enkindling Orb,0.47991,1,Scourge
Enkindling Orb,0.45455,2,Scourge
Enkindling Orb,0.37981,3,Scourge
Enkindling Orb,0.33333,4,Scourge
Enkindling Orb,0.27274,5,Scourge
Enkindling Orb,0.16667,6,Scourge
Enkindling Orb,0.16556,7,Scourge
Enkindling Orb,0.14286,8,Scourge
Enkindling Orb,0.14286,9,Scourge
Enkindling Orb,0.14286,10,Scourge
Enkindling Orb,0.14286,11,Scourge
Enkindling Orb,0.14286,12,Scourge
Enkindling Orb,0.14286,13,Scourge
Enkindling Orb,0.14286,14,Scourge
Enkindling Orb,0.14286,15,Scourge
Enkindling Orb,0.14286,16,Scourge
Enkindling Orb,0.14286,17,Scourge
Enkindling Orb,0.14286,18,Scourge
Enkindling Orb,0.14286,19,Scourge
Enkindling Orb,0.14286,20,Scourge
Enkindling Orb,0.14286,21,Scourge
Enkindling Orb,0.14286,22,Scourge
Enkindling Orb,0.14286,23,Scourge
Enkindling Orb,0.14286,24,Scourge
Enkindling Orb,0.14286,25,Scourge
Enkindling Orb,0.14286,26,Scourge
Enkindling Orb,0.14286,27,Scourge
Enkindling Orb,0.14286,28,Scourge
Orb of Fusing,0.33333,1,Scourge
Orb of Fusing,0.16667,2,Scourge
Orb of Fusing,0.16667,3,Scourge
Orb of Fusing,0.16667,4,Scourge
Orb of Fusing,0.18182,5,Scourge
Orb of Fusing,0.19225,6,Scourge
Orb of Fusing,0.18519,7,Scourge
Orb of Fusing,0.17544,8,Scourge
Orb of Fusing,0.16667,9,Scourge
Orb of Fusing,0.16116,10,Scourge
Orb of Fusing,0.15362,11,Scourge
Orb of Fusing,0.15114,12,Scourge
Orb of Fusing,0.14706,13,Scourge
Orb of Fusing,0.14661,14,Scourge
Orb of Fusing,0.14286,15,Scourge
Orb of Fusing,0.14286,16,Scourge
Orb of Fusing,0.14286,17,Scourge
Orb of Fusing,0.14082,18,Scourge
Orb of Fusing,0.13793,19,Scourge
Orb of Fusing,0.13504,20,Scourge
Orb of Fusing,0.13333,21,Scourge
Orb of Fusing,0.13333,22,Scourge
Orb of Fusing,0.13333,23,Scourge
Orb of Fusing,0.13333,24,Scourge
Orb of Fusing,0.13333,25,Scourge
Orb of Fusing,0.13333,26,Scourge
Orb of Fusing,0.13333,27,Scourge
Orb of Fusing,0.13327,28,Scourge
Orb of Fusing,0.13331,29,Scourge
Orb of Fusing,0.12607176470588236,30,Scourge
Imbued Catalyst,1,1,Scourge
Imbued Catalyst,1,2,Scourge
Imbued Catalyst,1,3,Scourge
Imbued Catalyst,0.83571,4,Scourge
Imbued Catalyst,0.66667,5,Scourge
Imbued Catalyst,0.45896,6,Scourge
Imbued Catalyst,0.33333,7,Scourge
Imbued Catalyst,0.33333,8,Scourge
Imbued Catalyst,0.33001,9,Scourge
Imbued Catalyst,0.28571,10,Scourge
Imbued Catalyst,0.28187,11,Scourge
Imbued Catalyst,0.28013,12,Scourge
Imbued Catalyst,0.24311,13,Scourge
Imbued Catalyst,0.22222,14,Scourge
Imbued Catalyst,0.22222,15,Scourge
Imbued Catalyst,0.21882,16,Scourge
Imbued Catalyst,0.19877,17,Scourge
Imbued Catalyst,0.20428,18,Scourge
Imbued Catalyst,0.20531,19,Scourge
Imbued Catalyst,0.20833,20,Scourge
Imbued Catalyst,0.20833,21,Scourge
Imbued Catalyst,0.21875,22,Scourge
Imbued Catalyst,0.20586,23,Scourge
Imbued Catalyst,0.20651,24,Scourge
Imbued Catalyst,0.21192,25,Scourge
Imbued Catalyst,0.20246,26,Scourge
Imbued Catalyst,0.22021,27,Scourge
Imbued Catalyst,0.22166,28,Scourge
Imbued Catalyst,0.218205,29,Scourge
Orb of Alchemy,0.33333,1,Scourge
Orb of Alchemy,0.32581,2,Scourge
Orb of Alchemy,0.33244,3,Scourge
Orb of Alchemy,0.33147,4,Scourge
Orb of Alchemy,0.28571,5,Scourge
Orb of Alchemy,0.22215,6,Scourge
Orb of Alchemy,0.16626,7,Scourge
Orb of Alchemy,0.13333,8,Scourge
Orb of Alchemy,0.11111,9,Scourge
Orb of Alchemy,0.10595,10,Scourge
Orb of Alchemy,0.09894,11,Scourge
Orb of Alchemy,0.09448,12,Scourge
Orb of Alchemy,0.0909,13,Scourge
Orb of Alchemy,0.08874,14,Scourge
Orb of Alchemy,0.08692,15,Scourge
Orb of Alchemy,0.0869,16,Scourge
Orb of Alchemy,0.08689,17,Scourge
Orb of Alchemy,0.08679,18,Scourge
Orb of Alchemy,0.08471,19,Scourge
Orb of Alchemy,0.08333,20,Scourge
Orb of Alchemy,0.08333,21,Scourge
Orb of Alchemy,0.08333,22,Scourge
Orb of Alchemy,0.08333,23,Scourge
Orb of Alchemy,0.08333,24,Scourge
Orb of Alchemy,0.08333,25,Scourge
Orb of Alchemy,0.08333,26,Scourge
Orb of Alchemy,0.08333,27,Scourge
Orb of Alchemy,0.08333,28,Scourge
Orb of Alchemy,0.08333,29,Scourge
Orb of Alchemy,0.08333,30,Scourge
Orb of Chance,0.72019,1,Scourge
Orb of Chance,0.21852,2,Scourge
Orb of Chance,0.16387,3,Scourge
Orb of Chance,0.14877,4,Scourge
Orb of Chance,0.15385,5,Scourge
Orb of Chance,0.14286,6,Scourge
Orb of Chance,0.1157,7,Scourge
Orb of Chance,0.09947,8,Scourge
Orb of Chance,0.09089,9,Scourge
Orb of Chance,0.08333,10,Scourge
Orb of Chance,0.07414,11,Scourge
Orb of Chance,0.07125,12,Scourge
Orb of Chance,0.06713,13,Scourge
Orb of Chance,0.06667,14,Scourge
Orb of Chance,0.06667,15,Scourge
Orb of Chance,0.06778,16,Scourge
Orb of Chance,0.06667,17,Scourge
Orb of Chance,0.06667,18,Scourge
Orb of Chance,0.06667,19,Scourge
Orb of Chance,0.06667,20,Scourge
Orb of Chance,0.06667,21,Scourge
Orb of Chance,0.06667,22,Scourge
Orb of Chance,0.06667,23,Scourge
Orb of Chance,0.06667,24,Scourge
Orb of Chance,0.06758,25,Scourge
Orb of Chance,0.06871,26,Scourge
Orb of Chance,0.0713,27,Scourge
Orb of Chance,0.07143,28,Scourge
Orb of Chance,0.07143,29,Scourge
Orb of Chance,0.07143,30,Scourge
Orb of Binding,1,1,Scourge
Orb of Binding,0.32806,2,Scourge
Orb of Binding,0.25752,3,Scourge
Orb of Binding,0.22106,4,Scourge
Orb of Binding,0.19182,5,Scourge
Orb of Binding,0.16621,6,Scourge
Orb of Binding,0.14286,7,Scourge
Orb of Binding,0.13333,8,Scourge
Orb of Binding,0.11491,9,Scourge
Orb of Binding,0.1104,10,Scourge
Orb of Binding,0.10483,11,Scourge
Orb of Binding,0.09742,12,Scourge
Orb of Binding,0.09091,13,Scourge
Orb of Binding,0.09091,14,Scourge
Orb of Binding,0.09054,15,Scourge
Orb of Binding,0.09005,16,Scourge
Orb of Binding,0.08996,17,Scourge
Orb of Binding,0.08333,18,Scourge
Orb of Binding,0.08333,19,Scourge
Orb of Binding,0.08333,20,Scourge
Orb of Binding,0.08327,21,Scourge
Orb of Binding,0.08325,22,Scourge
Orb of Binding,0.08318,23,Scourge
Orb of Binding,0.0829,24,Scourge
Orb of Binding,0.07937,25,Scourge
Orb of Binding,0.07786,26,Scourge
Orb of Binding,0.07692,27,Scourge
Orb of Binding,0.07692,28,Scourge
Orb of Binding,0.07692,29,Scourge
Orb of Binding,0.07692,30,Scourge
Chromatic Orb,0.06746,1,Scourge
Chromatic Orb,0.06124,2,Scourge
Chromatic Orb,0.11055,3,Scourge
Chromatic Orb,0.11111,4,Scourge
Chromatic Orb,0.11816,5,Scourge
Chromatic Orb,0.11825,6,Scourge
Chromatic Orb,0.11111,7,Scourge
Chromatic Orb,0.1052,8,Scourge
Chromatic Orb,0.10013,9,Scourge
Chromatic Orb,0.09365,10,Scourge
Chromatic Orb,0.09074,11,Scourge
Chromatic Orb,0.08333,12,Scourge
Chromatic Orb,0.08333,13,Scourge
Chromatic Orb,0.08333,14,Scourge
Chromatic Orb,0.08327,15,Scourge
Chromatic Orb,0.08333,16,Scourge
Chromatic Orb,0.08324,17,Scourge
Chromatic Orb,0.08298,18,Scourge
Chromatic Orb,0.07925,19,Scourge
Chromatic Orb,0.07692,20,Scourge
Chromatic Orb,0.07691,21,Scourge
Chromatic Orb,0.07689,22,Scourge
Chromatic Orb,0.07686,23,Scourge
Chromatic Orb,0.07688,24,Scourge
Chromatic Orb,0.07692,25,Scourge
Chromatic Orb,0.07687,26,Scourge
Chromatic Orb,0.07681,27,Scourge
Chromatic Orb,0.0768,28,Scourge
Chromatic Orb,0.07669,29,Scourge
Chromatic Orb,0.07406363636363636,30,Scourge
Orb of Augmentation,0.3206,1,Scourge
Orb of Augmentation,0.04511,2,Scourge
Orb of Augmentation,0.03333,3,Scourge
Orb of Augmentation,0.03226,4,Scourge
Orb of Augmentation,0.0329,5,Scourge
Orb of Augmentation,0.03232,6,Scourge
Orb of Augmentation,0.03321,7,Scourge
Orb of Augmentation,0.03325,8,Scourge
Orb of Augmentation,0.03329,9,Scourge
Orb of Augmentation,0.03332,10,Scourge
Orb of Augmentation,0.03333,11,Scourge
Orb of Augmentation,0.03333,12,Scourge
Orb of Augmentation,0.03333,13,Scourge
Orb of Augmentation,0.03333,14,Scourge
Orb of Augmentation,0.03333,15,Scourge
Orb of Augmentation,0.03333,16,Scourge
Orb of Augmentation,0.03333,17,Scourge
Orb of Augmentation,0.03333,18,Scourge
Orb of Augmentation,0.03333,19,Scourge
Orb of Augmentation,0.03333,20,Scourge
Orb of Augmentation,0.03805,21,Scourge
Orb of Augmentation,0.03913,22,Scourge
Orb of Augmentation,0.04545,23,Scourge
Orb of Augmentation,0.04545,24,Scourge
Orb of Augmentation,0.04627,25,Scourge
Orb of Augmentation,0.04747,26,Scourge
Orb of Augmentation,0.04762,27,Scourge
Orb of Augmentation,0.04772,28,Scourge
Orb of Augmentation,0.04992,29,Scourge
Orb of Augmentation,0.048954285714285714,30,Scourge
Jeweller's Orb,0.22497,1,Scourge
Jeweller's Orb,0.05556,2,Scourge
Jeweller's Orb,0.05556,3,Scourge
Jeweller's Orb,0.05263,4,Scourge
Jeweller's Orb,0.05263,5,Scourge
Jeweller's Orb,0.05263,6,Scourge
Jeweller's Orb,0.05233,7,Scourge
Jeweller's Orb,0.04762,8,Scourge
Jeweller's Orb,0.04545,9,Scourge
Jeweller's Orb,0.04186,10,Scourge
Jeweller's Orb,0.04164,11,Scourge
Jeweller's Orb,0.04154,12,Scourge
Jeweller's Orb,0.03846,13,Scourge
Jeweller's Orb,0.03846,14,Scourge
Jeweller's Orb,0.03843,15,Scourge
Jeweller's Orb,0.0384,16,Scourge
Jeweller's Orb,0.03704,17,Scourge
Jeweller's Orb,0.03704,18,Scourge
Jeweller's Orb,0.03704,19,Scourge
Jeweller's Orb,0.03704,20,Scourge
Jeweller's Orb,0.03704,21,Scourge
Jeweller's Orb,0.03697,22,Scourge
Jeweller's Orb,0.0367,23,Scourge
Jeweller's Orb,0.03673,24,Scourge
Jeweller's Orb,0.03697,25,Scourge
Jeweller's Orb,0.03655,26,Scourge
Jeweller's Orb,0.03574,27,Scourge
Jeweller's Orb,0.03571,28,Scourge
Jeweller's Orb,0.03571,29,Scourge
Jeweller's Orb,0.03606555555555555,30,Scourge
Orb of Transmutation,0.16569,1,Scourge
Orb of Transmutation,0.03333,2,Scourge
Orb of Transmutation,0.02706,3,Scourge
Orb of Transmutation,0.01818,4,Scourge
Orb of Transmutation,0.01601,5,Scourge
Orb of Transmutation,0.01414,6,Scourge
Orb of Transmutation,0.01111,7,Scourge
Orb of Transmutation,0.01095,8,Scourge
Orb of Transmutation,0.0104,9,Scourge
Orb of Transmutation,0.00909,10,Scourge
Orb of Transmutation,0.00901,11,Scourge
Orb of Transmutation,0.00862,12,Scourge
Orb of Transmutation,0.00833,13,Scourge
Orb of Transmutation,0.00833,14,Scourge
Orb of Transmutation,0.00833,15,Scourge
Orb of Transmutation,0.00833,16,Scourge
Orb of Transmutation,0.00833,17,Scourge
Orb of Transmutation,0.00833,18,Scourge
Orb of Transmutation,0.00838,19,Scourge
Orb of Transmutation,0.00833,20,Scourge
Orb of Transmutation,0.00853,21,Scourge
Orb of Transmutation,0.00895,22,Scourge
Orb of Transmutation,0.00854,23,Scourge
Orb of Transmutation,0.00894,24,Scourge
Orb of Transmutation,0.00901,25,Scourge
Orb of Transmutation,0.00903,26,Scourge
Orb of Transmutation,0.009,27,Scourge
Orb of Transmutation,0.00903,28,Scourge
Orb of Transmutation,0.00894,29,Scourge
Orb of Transmutation,0.008195263157894737,30,Scourge
Portal Scroll,0.15437,1,Scourge
Portal Scroll,0.02592,2,Scourge
Portal Scroll,0.01639,3,Scourge
Portal Scroll,0.01413,4,Scourge
Portal Scroll,0.01128,5,Scourge
Portal Scroll,0.01053,6,Scourge
Portal Scroll,0.0105,7,Scourge
Portal Scroll,0.00991,8,Scourge
Portal Scroll,0.00951,9,Scourge
Portal Scroll,0.00833,10,Scourge
Portal Scroll,0.00833,11,Scourge
Portal Scroll,0.00862,12,Scourge
Portal Scroll,0.00884,13,Scourge
Portal Scroll,0.00833,14,Scourge
Portal Scroll,0.00833,15,Scourge
Portal Scroll,0.00833,16,Scourge
Portal Scroll,0.00832,17,Scourge
Portal Scroll,0.00832,18,Scourge
Portal Scroll,0.00833,19,Scourge
Portal Scroll,0.00832,20,Scourge
Portal Scroll,0.0083,21,Scourge
Portal Scroll,0.00827,22,Scourge
Portal Scroll,0.00833,23,Scourge
Portal Scroll,0.00833,24,Scourge
Portal Scroll,0.00833,25,Scourge
Portal Scroll,0.00833,26,Scourge
Portal Scroll,0.00833,27,Scourge
Portal Scroll,0.00833,28,Scourge
Portal Scroll,0.00833,29,Scourge
Portal Scroll,0.00833,30,Scourge
Blacksmith's Whetstone,0.67692,1,Scourge
Blacksmith's Whetstone,0.04637,2,Scourge
Blacksmith's Whetstone,0.03322,3,Scourge
Blacksmith's Whetstone,0.02865,4,Scourge
Blacksmith's Whetstone,0.02672,5,Scourge
Blacksmith's Whetstone,0.02543,6,Scourge
Blacksmith's Whetstone,0.02427,7,Scourge
Blacksmith's Whetstone,0.02381,8,Scourge
Blacksmith's Whetstone,0.02259,9,Scourge
Blacksmith's Whetstone,0.02211,10,Scourge
Blacksmith's Whetstone,0.02167,11,Scourge
Blacksmith's Whetstone,0.02146,12,Scourge
Blacksmith's Whetstone,0.01997,13,Scourge
Blacksmith's Whetstone,0.01885,14,Scourge
Blacksmith's Whetstone,0.0181,15,Scourge
Blacksmith's Whetstone,0.01667,16,Scourge
Blacksmith's Whetstone,0.01667,17,Scourge
Blacksmith's Whetstone,0.01667,18,Scourge
Blacksmith's Whetstone,0.01667,19,Scourge
Blacksmith's Whetstone,0.01665,20,Scourge
Blacksmith's Whetstone,0.01667,21,Scourge
Blacksmith's Whetstone,0.01665,22,Scourge
Blacksmith's Whetstone,0.01591,23,Scourge
Blacksmith's Whetstone,0.01581,24,Scourge
Blacksmith's Whetstone,0.01429,25,Scourge
Blacksmith's Whetstone,0.01449,26,Scourge
Blacksmith's Whetstone,0.01419,27,Scourge
Blacksmith's Whetstone,0.01365,28,Scourge
Blacksmith's Whetstone,0.0134,29,Scourge
Blacksmith's Whetstone,0.013290769230769231,30,Scourge
Armourer's Scrap,0.12169,1,Scourge
Armourer's Scrap,0.02278,2,Scourge
Armourer's Scrap,0.01815,3,Scourge
Armourer's Scrap,0.01667,4,Scourge
Armourer's Scrap,0.01613,5,Scourge
Armourer's Scrap,0.01568,6,Scourge
Armourer's Scrap,0.01429,7,Scourge
Armourer's Scrap,0.01318,8,Scourge
Armourer's Scrap,0.01243,9,Scourge
Armourer's Scrap,0.01144,10,Scourge
Armourer's Scrap,0.01111,11,Scourge
Armourer's Scrap,0.0111,12,Scourge
Armourer's Scrap,0.0108,13,Scourge
Armourer's Scrap,0.01094,14,Scourge
Armourer's Scrap,0.01043,15,Scourge
Armourer's Scrap,0.0102,16,Scourge
Armourer's Scrap,0.0102,17,Scourge
Armourer's Scrap,0.01017,18,Scourge
Armourer's Scrap,0.01015,19,Scourge
Armourer's Scrap,0.01014,20,Scourge
Armourer's Scrap,0.01003,21,Scourge
Armourer's Scrap,0.00994,22,Scourge
Armourer's Scrap,0.00967,23,Scourge
Armourer's Scrap,0.00909,24,Scourge
Armourer's Scrap,0.00936,25,Scourge
Armourer's Scrap,0.00919,26,Scourge
Armourer's Scrap,0.00908,27,Scourge
Armourer's Scrap,0.00905,28,Scourge
Armourer's Scrap,0.00883,29,Scourge
Armourer's Scrap,0.010031578947368421,30,Scourge
Engineer's Orb,1,1,Scourge
Engineer's Orb,0.32235,2,Scourge
Engineer's Orb,0.14286,3,Scourge
Engineer's Orb,0.08598,4,Scourge
Engineer's Orb,0.07006,5,Scourge
Engineer's Orb,0.06667,6,Scourge
Engineer's Orb,0.06106,7,Scourge
Engineer's Orb,0.05556,8,Scourge
Engineer's Orb,0.05478,9,Scourge
Engineer's Orb,0.05218,10,Scourge
Engineer's Orb,0.05154,11,Scourge
Engineer's Orb,0.05234,12,Scourge
Engineer's Orb,0.04762,13,Scourge
Engineer's Orb,0.04563,14,Scourge
Engineer's Orb,0.04545,15,Scourge
Engineer's Orb,0.04627,16,Scourge
Engineer's Orb,0.04683,17,Scourge
Engineer's Orb,0.04523,18,Scourge
Engineer's Orb,0.04499,19,Scourge
Engineer's Orb,0.04537,20,Scourge
Engineer's Orb,0.04526,21,Scourge
Engineer's Orb,0.04348,22,Scourge
Engineer's Orb,0.04329,23,Scourge
Engineer's Orb,0.04333,24,Scourge
Engineer's Orb,0.04337,25,Scourge
Engineer's Orb,0.04276,26,Scourge
Engineer's Orb,0.04185,27,Scourge
Engineer's Orb,0.04155,28,Scourge
Engineer's Orb,0.0404,29,Scourge
Engineer's Orb,0.047502,30,Scourge
